protA,protB
P41182,P56524
P41182,Q9UQL6
P41182,Q8WUI4
Q09472,Q92793
Q09472,Q92831
Q09472,Q9Y6Q9
Q92793,Q92831
Q92793,Q9Y6Q9
Q92831,Q9Y6Q9
O95347,Q15003
O95347,Q15021
O95347,Q9BPX3
O95347,Q9NTJ3
Q15003,Q15021
Q15003,Q9BPX3
Q15003,Q9NTJ3
Q15021,Q9BPX3
Q15021,Q9NTJ3
Q9BPX3,Q9NTJ3
Q92902,Q9NQG7
Q86YV9,Q969F9
Q86YV9,Q9UPZ3
Q969F9,Q9UPZ3
Q92903,Q96NY9
O15379,O60907
O15379,O75376
O15379,Q13227
O15379,Q92828
O15379,Q9BZK7
O60907,O75376
O60907,Q13227
O60907,Q92828
O60907,Q9BZK7
O75376,Q13227
O75376,Q92828
O75376,Q9BZK7
Q13227,Q92828
Q13227,Q9BZK7
Q92828,Q9BZK7
O95295,P78537
O95295,Q6QNY0
O95295,Q6QNY1
O95295,Q8TDH9
O95295,Q96EV8
O95295,Q9NUP1
O95295,Q9UL45
P78537,Q6QNY0
P78537,Q6QNY1
P78537,Q8TDH9
P78537,Q96EV8
P78537,Q9NUP1
P78537,Q9UL45
Q6QNY0,Q6QNY1
Q6QNY0,Q8TDH9
Q6QNY0,Q96EV8
Q6QNY0,Q9NUP1
Q6QNY0,Q9UL45
Q6QNY1,Q8TDH9
Q6QNY1,Q96EV8
Q6QNY1,Q9NUP1
Q6QNY1,Q9UL45
Q8TDH9,Q96EV8
Q8TDH9,Q9NUP1
Q8TDH9,Q9UL45
Q96EV8,Q9NUP1
Q96EV8,Q9UL45
Q9NUP1,Q9UL45
O15143,O15144
O15143,O15145
O15143,O15511
O15143,P59998
O15143,P61158
O15143,P61160
O15144,O15145
O15144,O15511
O15144,P59998
O15144,P61158
O15144,P61160
O15145,O15511
O15145,P59998
O15145,P61158
O15145,P61160
O15511,P59998
O15511,P61158
O15511,P61160
P59998,P61158
P59998,P61160
P61158,P61160
Q06323,Q9UL46
O00231,O00232
O00231,O00233
O00231,O00487
O00231,O43242
O00231,O75832
O00231,P17980
O00231,P35998
O00231,P43686
O00231,P48556
O00231,P51665
O00231,P55036
O00231,P62191
O00231,P62195
O00231,P62333
O00231,Q13200
O00231,Q15008
O00231,Q16401
O00231,Q99460
O00231,Q9UNM6
O00232,O00233
O00232,O00487
O00232,O43242
O00232,O75832
O00232,P17980
O00232,P35998
O00232,P43686
O00232,P48556
O00232,P51665
O00232,P55036
O00232,P62191
O00232,P62195
O00232,P62333
O00232,Q13200
O00232,Q15008
O00232,Q16401
O00232,Q99460
O00232,Q9UNM6
O00233,O00487
O00233,O43242
O00233,O75832
O00233,P17980
O00233,P35998
O00233,P43686
O00233,P48556
O00233,P51665
O00233,P55036
O00233,P62191
O00233,P62195
O00233,P62333
O00233,Q13200
O00233,Q15008
O00233,Q16401
O00233,Q99460
O00233,Q9UNM6
O00487,O43242
O00487,O75832
O00487,P17980
O00487,P35998
O00487,P43686
O00487,P48556
O00487,P51665
O00487,P55036
O00487,P62191
O00487,P62195
O00487,P62333
O00487,Q13200
O00487,Q15008
O00487,Q16401
O00487,Q99460
O00487,Q9UNM6
O43242,O75832
O43242,P17980
O43242,P35998
O43242,P43686
O43242,P48556
O43242,P51665
O43242,P55036
O43242,P62191
O43242,P62195
O43242,P62333
O43242,Q13200
O43242,Q15008
O43242,Q16401
O43242,Q99460
O43242,Q9UNM6
O75832,P17980
O75832,P35998
O75832,P43686
O75832,P48556
O75832,P51665
O75832,P55036
O75832,P62191
O75832,P62195
O75832,P62333
O75832,Q13200
O75832,Q15008
O75832,Q16401
O75832,Q99460
O75832,Q9UNM6
P17980,P35998
P17980,P43686
P17980,P48556
P17980,P51665
P17980,P55036
P17980,P62191
P17980,P62195
P17980,P62333
P17980,Q13200
P17980,Q15008
P17980,Q16401
P17980,Q99460
P17980,Q9UNM6
P35998,P43686
P35998,P48556
P35998,P51665
P35998,P55036
P35998,P62191
P35998,P62195
P35998,P62333
P35998,Q13200
P35998,Q15008
P35998,Q16401
P35998,Q99460
P35998,Q9UNM6
P43686,P48556
P43686,P51665
P43686,P55036
P43686,P62191
P43686,P62195
P43686,P62333
P43686,Q13200
P43686,Q15008
P43686,Q16401
P43686,Q99460
P43686,Q9UNM6
P48556,P51665
P48556,P55036
P48556,P62191
P48556,P62195
P48556,P62333
P48556,Q13200
P48556,Q15008
P48556,Q16401
P48556,Q99460
P48556,Q9UNM6
P51665,P55036
P51665,P62191
P51665,P62195
P51665,P62333
P51665,Q13200
P51665,Q15008
P51665,Q16401
P51665,Q99460
P51665,Q9UNM6
P55036,P62191
P55036,P62195
P55036,P62333
P55036,Q13200
P55036,Q15008
P55036,Q16401
P55036,Q99460
P55036,Q9UNM6
P62191,P62195
P62191,P62333
P62191,Q13200
P62191,Q15008
P62191,Q16401
P62191,Q99460
P62191,Q9UNM6
P62195,P62333
P62195,Q13200
P62195,Q15008
P62195,Q16401
P62195,Q99460
P62195,Q9UNM6
P62333,Q13200
P62333,Q15008
P62333,Q16401
P62333,Q99460
P62333,Q9UNM6
Q13200,Q15008
Q13200,Q16401
Q13200,Q99460
Q13200,Q9UNM6
Q15008,Q16401
Q15008,Q99460
Q15008,Q9UNM6
Q16401,Q99460
Q16401,Q9UNM6
Q99460,Q9UNM6
O15212,O60925
O15212,P61758
O15212,Q99471
O15212,Q9NQP4
O15212,Q9UHV9
O60925,P61758
O60925,Q99471
O60925,Q9NQP4
O60925,Q9UHV9
P61758,Q99471
P61758,Q9NQP4
P61758,Q9UHV9
Q99471,Q9NQP4
Q99471,Q9UHV9
Q9NQP4,Q9UHV9
O43747,O75843
O43747,P56377
O43747,P61966
O43747,Q10567
O43747,Q96PC3
O43747,Q9BXS5
O43747,Q9Y6Q5
O75843,P56377
O75843,P61966
O75843,Q10567
O75843,Q96PC3
O75843,Q9BXS5
O75843,Q9Y6Q5
P56377,P61966
P56377,Q10567
P56377,Q96PC3
P56377,Q9BXS5
P56377,Q9Y6Q5
P61966,Q10567
P61966,Q96PC3
P61966,Q9BXS5
P61966,Q9Y6Q5
Q10567,Q96PC3
Q10567,Q9BXS5
Q10567,Q9Y6Q5
Q96PC3,Q9BXS5
Q96PC3,Q9Y6Q5
Q9BXS5,Q9Y6Q5
O94776,O95983
O94776,P41182
O94776,Q13547
O94776,Q9BTC8
O95983,P41182
O95983,Q13547
O95983,Q9BTC8
P41182,Q13547
P41182,Q9BTC8
Q13547,Q9BTC8
P49768,Q92542
P49768,Q96BI3
P49768,Q9NZ42
Q92542,Q96BI3
Q92542,Q9NZ42
Q96BI3,Q9NZ42
O60264,O95239
O60264,O95347
O60264,Q13547
O60264,Q96ST3
O60264,Q9NTJ3
O60264,Q9UBC3
O95239,O95347
O95239,Q13547
O95239,Q96ST3
O95239,Q9NTJ3
O95239,Q9UBC3
O95347,Q13547
O95347,Q96ST3
O95347,Q9UBC3
Q13547,Q96ST3
Q13547,Q9NTJ3
Q13547,Q9UBC3
Q96ST3,Q9NTJ3
Q96ST3,Q9UBC3
Q9NTJ3,Q9UBC3
P20339,Q15276
P20339,Q9UJ41
Q15276,Q9UJ41
O00422,O75446
O00422,Q09028
O00422,Q13547
O00422,Q16576
O00422,Q92769
O00422,Q96ST3
O75446,Q09028
O75446,Q13547
O75446,Q16576
O75446,Q92769
O75446,Q96ST3
Q09028,Q13547
Q09028,Q16576
Q09028,Q92769
Q09028,Q96ST3
Q13547,Q16576
Q13547,Q92769
Q16576,Q92769
Q16576,Q96ST3
Q92769,Q96ST3
P27361,P56524
P28482,P56524
O15379,Q9Y618
O60907,Q9Y618
Q13227,Q9Y618
Q9BZK7,Q9Y618
O00203,O14617
O00203,P53677
O00203,P59780
O00203,Q13367
O00203,Q92572
O00203,Q9Y2T2
O14617,P53677
O14617,P59780
O14617,Q13367
O14617,Q92572
O14617,Q9Y2T2
P53677,P59780
P53677,Q13367
P53677,Q92572
P53677,Q9Y2T2
P59780,Q13367
P59780,Q92572
P59780,Q9Y2T2
Q13367,Q92572
Q13367,Q9Y2T2
Q92572,Q9Y2T2
P42224,P52630
P42224,Q00978
P52630,Q00978
O94776,Q09028
O94776,Q14839
O94776,Q16576
O94776,Q92769
O95983,Q09028
O95983,Q14839
O95983,Q16576
O95983,Q92769
Q09028,Q14839
Q13547,Q14839
Q14839,Q16576
Q14839,Q92769
O94776,Q9UBB5
O95983,Q9UBB5
Q09028,Q9UBB5
Q13547,Q9UBB5
Q14839,Q9UBB5
Q16576,Q9UBB5
Q92769,Q9UBB5
O60216,Q14683
O60216,Q8WVM7
O60216,Q9UQE7
Q14683,Q8WVM7
Q14683,Q9UQE7
Q8WVM7,Q9UQE7
O60216,Q8N3U4
Q14683,Q8N3U4
Q8N3U4,Q9UQE7
O60244,O75448
O60244,P10827
O60244,Q15648
O60244,Q93074
O60244,Q9NVC6
O60244,Q9Y2W1
O60244,Q9Y2X0
O75448,P10827
O75448,Q15648
O75448,Q93074
O75448,Q9NVC6
O75448,Q9Y2W1
O75448,Q9Y2X0
P10827,Q15648
P10827,Q93074
P10827,Q9NVC6
P10827,Q9Y2W1
P10827,Q9Y2X0
Q15648,Q93074
Q15648,Q9NVC6
Q15648,Q9Y2W1
Q15648,Q9Y2X0
Q93074,Q9NVC6
Q93074,Q9Y2W1
Q93074,Q9Y2X0
Q9NVC6,Q9Y2W1
Q9NVC6,Q9Y2X0
Q9Y2W1,Q9Y2X0
O00189,Q9UPM8
O00189,Q9Y587
O00189,Q9Y6B7
Q9UPM8,Q9Y587
Q9UPM8,Q9Y6B7
Q9Y587,Q9Y6B7
O15315,O43502
O15315,O43543
O15315,O75771
O43502,O43543
O43502,O75771
O43543,O75771
O60934,P49959
O60934,Q92878
P49959,Q92878
P48995,Q14573
P48995,Q9NSC5
Q14573,Q9NSC5
P49815,Q92574
P62877,P63208
P62877,Q13309
P62877,Q13616
P63208,Q13309
P63208,Q13616
Q13309,Q13616
P62877,Q14999
P62877,Q8N3Y1
P63208,Q14999
P63208,Q8N3Y1
Q14999,Q8N3Y1
O14497,P51532
O14497,P60709
O14497,Q12824
O14497,Q86X55
O14497,Q8TAQ2
O14497,Q92922
O14497,Q969G3
O14497,Q96GM5
O14497,Q96KG9
P51532,P60709
P51532,Q12824
P51532,Q86X55
P51532,Q8TAQ2
P51532,Q92922
P51532,Q969G3
P51532,Q96GM5
P51532,Q96KG9
P60709,Q12824
P60709,Q86X55
P60709,Q8TAQ2
P60709,Q92922
P60709,Q969G3
P60709,Q96GM5
P60709,Q96KG9
Q12824,Q86X55
Q12824,Q8TAQ2
Q12824,Q92922
Q12824,Q969G3
Q12824,Q96GM5
Q12824,Q96KG9
Q86X55,Q8TAQ2
Q86X55,Q92922
Q86X55,Q969G3
Q86X55,Q96GM5
Q86X55,Q96KG9
Q8TAQ2,Q92922
Q8TAQ2,Q969G3
Q8TAQ2,Q96GM5
Q8TAQ2,Q96KG9
Q92922,Q969G3
Q92922,Q96GM5
Q92922,Q96KG9
Q969G3,Q96GM5
Q969G3,Q96KG9
Q96GM5,Q96KG9
P52948,P55735
P52948,P57740
P52948,Q12769
P52948,Q8NFH3
P52948,Q8NFH4
P52948,Q8WUM0
P52948,Q96EE3
P52948,Q9BW27
P55735,P57740
P55735,Q12769
P55735,Q8NFH3
P55735,Q8NFH4
P55735,Q8WUM0
P55735,Q96EE3
P55735,Q9BW27
P57740,Q12769
P57740,Q8NFH3
P57740,Q8NFH4
P57740,Q8WUM0
P57740,Q96EE3
P57740,Q9BW27
Q12769,Q8NFH3
Q12769,Q8NFH4
Q12769,Q8WUM0
Q12769,Q96EE3
Q12769,Q9BW27
Q8NFH3,Q8NFH4
Q8NFH3,Q8WUM0
Q8NFH3,Q96EE3
Q8NFH3,Q9BW27
Q8NFH4,Q8WUM0
Q8NFH4,Q96EE3
Q8NFH4,Q9BW27
Q8WUM0,Q96EE3
Q8WUM0,Q9BW27
Q96EE3,Q9BW27
O00471,O60645
O00471,Q8IYI6
O00471,Q8TAG9
O00471,Q96A65
O00471,Q96KP1
O00471,Q9NV70
O00471,Q9UPT5
O60645,Q8IYI6
O60645,Q8TAG9
O60645,Q96A65
O60645,Q96KP1
O60645,Q9NV70
O60645,Q9UPT5
Q8IYI6,Q8TAG9
Q8IYI6,Q96A65
Q8IYI6,Q96KP1
Q8IYI6,Q9NV70
Q8IYI6,Q9UPT5
Q8TAG9,Q96A65
Q8TAG9,Q96KP1
Q8TAG9,Q9NV70
Q8TAG9,Q9UPT5
Q96A65,Q96KP1
Q96A65,Q9NV70
Q96A65,Q9UPT5
Q96KP1,Q9NV70
Q96KP1,Q9UPT5
Q9NV70,Q9UPT5
O15287,O15360
O15287,Q00597
O15287,Q9NPI8
O15360,Q00597
O15360,Q9NPI8
Q00597,Q9NPI8
P10747,P19338
P30260,Q13042
P30260,Q9H1A4
P30260,Q9UJX2
P30260,Q9UJX3
P30260,Q9UJX4
P30260,Q9UJX5
P30260,Q9UJX6
Q13042,Q9H1A4
Q13042,Q9UJX2
Q13042,Q9UJX3
Q13042,Q9UJX4
Q13042,Q9UJX5
Q13042,Q9UJX6
Q9H1A4,Q9UJX2
Q9H1A4,Q9UJX3
Q9H1A4,Q9UJX4
Q9H1A4,Q9UJX5
Q9H1A4,Q9UJX6
Q9UJX2,Q9UJX3
Q9UJX2,Q9UJX4
Q9UJX2,Q9UJX5
Q9UJX2,Q9UJX6
Q9UJX3,Q9UJX4
Q9UJX3,Q9UJX5
Q9UJX3,Q9UJX6
Q9UJX4,Q9UJX5
Q9UJX4,Q9UJX6
Q9UJX5,Q9UJX6
O60264,Q9NRL2
P12956,P13010
P12956,Q9BXJ9
P13010,Q9BXJ9
P30260,Q9UM13
Q13042,Q9UM13
Q9H1A4,Q9UM13
Q9UJX2,Q9UM13
Q9UJX3,Q9UM13
Q9UJX4,Q9UM13
Q9UJX5,Q9UM13
Q9UJX6,Q9UM13
P04637,Q00987
P04637,Q09472
Q00987,Q09472
P28370,Q09028
P28370,Q12830
P28370,Q16576
Q09028,Q12830
Q12830,Q16576
O15514,P13984
O15514,P18074
O15514,P19387
O15514,P19388
O15514,P19447
O15514,P20226
O15514,P24928
O15514,P29083
O15514,P29084
O15514,P30876
O15514,P32780
O15514,P35269
O15514,P36954
O15514,P52434
O15514,P52435
O15514,P53803
O15514,P61218
O15514,P62487
O15514,P62875
O15514,Q00403
O15514,Q13888
O15514,Q13889
O15514,Q92759
P13984,P18074
P13984,P19387
P13984,P19388
P13984,P19447
P13984,P20226
P13984,P24928
P13984,P29083
P13984,P29084
P13984,P30876
P13984,P32780
P13984,P35269
P13984,P36954
P13984,P52434
P13984,P52435
P13984,P53803
P13984,P61218
P13984,P62487
P13984,P62875
P13984,Q00403
P13984,Q13888
P13984,Q13889
P13984,Q92759
P18074,P19387
P18074,P19388
P18074,P19447
P18074,P20226
P18074,P24928
P18074,P29083
P18074,P29084
P18074,P30876
P18074,P32780
P18074,P35269
P18074,P36954
P18074,P52434
P18074,P52435
P18074,P53803
P18074,P61218
P18074,P62487
P18074,P62875
P18074,Q00403
P18074,Q13888
P18074,Q13889
P18074,Q92759
P19387,P19388
P19387,P19447
P19387,P20226
P19387,P24928
P19387,P29083
P19387,P29084
P19387,P30876
P19387,P32780
P19387,P35269
P19387,P36954
P19387,P52434
P19387,P52435
P19387,P53803
P19387,P61218
P19387,P62487
P19387,P62875
P19387,Q00403
P19387,Q13888
P19387,Q13889
P19387,Q92759
P19388,P19447
P19388,P20226
P19388,P24928
P19388,P29083
P19388,P29084
P19388,P30876
P19388,P32780
P19388,P35269
P19388,P36954
P19388,P52434
P19388,P52435
P19388,P53803
P19388,P61218
P19388,P62487
P19388,P62875
P19388,Q00403
P19388,Q13888
P19388,Q13889
P19388,Q92759
P19447,P20226
P19447,P24928
P19447,P29083
P19447,P29084
P19447,P30876
P19447,P32780
P19447,P35269
P19447,P36954
P19447,P52434
P19447,P52435
P19447,P53803
P19447,P61218
P19447,P62487
P19447,P62875
P19447,Q00403
P19447,Q13888
P19447,Q13889
P19447,Q92759
P20226,P24928
P20226,P29083
P20226,P29084
P20226,P30876
P20226,P32780
P20226,P35269
P20226,P36954
P20226,P52434
P20226,P52435
P20226,P53803
P20226,P61218
P20226,P62487
P20226,P62875
P20226,Q00403
P20226,Q13888
P20226,Q13889
P20226,Q92759
P24928,P29083
P24928,P29084
P24928,P30876
P24928,P32780
P24928,P35269
P24928,P36954
P24928,P52434
P24928,P52435
P24928,P53803
P24928,P61218
P24928,P62487
P24928,P62875
P24928,Q00403
P24928,Q13888
P24928,Q13889
P24928,Q92759
P29083,P29084
P29083,P30876
P29083,P32780
P29083,P35269
P29083,P36954
P29083,P52434
P29083,P52435
P29083,P53803
P29083,P61218
P29083,P62487
P29083,P62875
P29083,Q00403
P29083,Q13888
P29083,Q13889
P29083,Q92759
P29084,P30876
P29084,P32780
P29084,P35269
P29084,P36954
P29084,P52434
P29084,P52435
P29084,P53803
P29084,P61218
P29084,P62487
P29084,P62875
P29084,Q00403
P29084,Q13888
P29084,Q13889
P29084,Q92759
P30876,P32780
P30876,P35269
P30876,P36954
P30876,P52434
P30876,P52435
P30876,P53803
P30876,P61218
P30876,P62487
P30876,P62875
P30876,Q00403
P30876,Q13888
P30876,Q13889
P30876,Q92759
P32780,P35269
P32780,P36954
P32780,P52434
P32780,P52435
P32780,P53803
P32780,P61218
P32780,P62487
P32780,P62875
P32780,Q00403
P32780,Q13888
P32780,Q13889
P32780,Q92759
P35269,P36954
P35269,P52434
P35269,P52435
P35269,P53803
P35269,P61218
P35269,P62487
P35269,P62875
P35269,Q00403
P35269,Q13888
P35269,Q13889
P35269,Q92759
P36954,P52434
P36954,P52435
P36954,P53803
P36954,P61218
P36954,P62487
P36954,P62875
P36954,Q00403
P36954,Q13888
P36954,Q13889
P36954,Q92759
P52434,P52435
P52434,P53803
P52434,P61218
P52434,P62487
P52434,P62875
P52434,Q00403
P52434,Q13888
P52434,Q13889
P52434,Q92759
P52435,P53803
P52435,P61218
P52435,P62487
P52435,P62875
P52435,Q00403
P52435,Q13888
P52435,Q13889
P52435,Q92759
P53803,P61218
P53803,P62487
P53803,P62875
P53803,Q00403
P53803,Q13888
P53803,Q13889
P53803,Q92759
P61218,P62487
P61218,P62875
P61218,Q00403
P61218,Q13888
P61218,Q13889
P61218,Q92759
P62487,P62875
P62487,Q00403
P62487,Q13888
P62487,Q13889
P62487,Q92759
P62875,Q00403
P62875,Q13888
P62875,Q13889
P62875,Q92759
Q00403,Q13888
Q00403,Q13889
Q00403,Q92759
Q13888,Q13889
Q13888,Q92759
Q13889,Q92759
O75530,Q09028
O75530,Q15022
O75530,Q15910
O75530,Q16576
Q09028,Q15022
Q09028,Q15910
Q15022,Q15910
Q15022,Q16576
Q15910,Q16576
P18074,P50613
P18074,P51946
P18074,P51948
P19447,P50613
P19447,P51946
P19447,P51948
P32780,P50613
P32780,P51946
P32780,P51948
P50613,P51946
P50613,P51948
P50613,Q13888
P50613,Q13889
P50613,Q92759
P51946,P51948
P51946,Q13888
P51946,Q13889
P51946,Q92759
P51948,Q13888
P51948,Q13889
P51948,Q92759
O75971,Q13487
O75971,Q16533
O75971,Q5SXM2
O75971,Q92966
Q13487,Q16533
Q13487,Q5SXM2
Q13487,Q92966
Q16533,Q5SXM2
Q16533,Q92966
Q5SXM2,Q92966
O00257,O60264
O00257,P0DMV8
O00257,P35226
O00257,P78364
O00257,Q06587
O00257,Q14781
O00257,Q8IXK0
O00257,Q8NDX5
O00257,Q96GD3
O00257,Q99496
O00257,Q9HC52
O60264,P0DMV8
O60264,P35226
O60264,P78364
O60264,Q06587
O60264,Q14781
O60264,Q8IXK0
O60264,Q8NDX5
O60264,Q96GD3
O60264,Q99496
O60264,Q9HC52
P0DMV8,P35226
P0DMV8,P78364
P0DMV8,Q06587
P0DMV8,Q14781
P0DMV8,Q8IXK0
P0DMV8,Q8NDX5
P0DMV8,Q96GD3
P0DMV8,Q99496
P0DMV8,Q9HC52
P35226,P78364
P35226,Q06587
P35226,Q14781
P35226,Q8IXK0
P35226,Q8NDX5
P35226,Q96GD3
P35226,Q99496
P35226,Q9HC52
P78364,Q06587
P78364,Q14781
P78364,Q8IXK0
P78364,Q8NDX5
P78364,Q96GD3
P78364,Q99496
P78364,Q9HC52
Q06587,Q14781
Q06587,Q8IXK0
Q06587,Q8NDX5
Q06587,Q96GD3
Q06587,Q99496
Q06587,Q9HC52
Q14781,Q8IXK0
Q14781,Q8NDX5
Q14781,Q96GD3
Q14781,Q99496
Q14781,Q9HC52
Q8IXK0,Q8NDX5
Q8IXK0,Q96GD3
Q8IXK0,Q99496
Q8IXK0,Q9HC52
Q8NDX5,Q96GD3
Q8NDX5,Q99496
Q8NDX5,Q9HC52
Q96GD3,Q99496
Q96GD3,Q9HC52
Q99496,Q9HC52
O00257,P25490
O60264,P25490
P0DMV8,P25490
P25490,P35226
P25490,P78364
P25490,Q06587
P25490,Q14781
P25490,Q8IXK0
P25490,Q8NDX5
P25490,Q96GD3
P25490,Q99496
P25490,Q9HC52
P29992,P50148
P29992,P60033
P29992,P62873
P29992,Q9Y653
P50148,P60033
P50148,P62873
P50148,Q9Y653
P60033,P62873
P60033,Q9Y653
P62873,Q9Y653
P37287,Q14442
P37287,Q92535
P37287,Q9BRB3
Q14442,Q92535
Q14442,Q9BRB3
Q92535,Q9BRB3
P01374,P36941
P01374,Q06643
P36941,Q06643
O75817,O75818
O75817,O95059
O75817,O95707
O75817,P78345
O75817,P78346
O75817,Q969H6
O75817,Q99575
O75817,Q9BUL9
O75817,Q9H633
O75818,O95059
O75818,O95707
O75818,P78345
O75818,P78346
O75818,Q969H6
O75818,Q99575
O75818,Q9BUL9
O75818,Q9H633
O95059,O95707
O95059,P78345
O95059,P78346
O95059,Q969H6
O95059,Q99575
O95059,Q9BUL9
O95059,Q9H633
O95707,P78345
O95707,P78346
O95707,Q969H6
O95707,Q99575
O95707,Q9BUL9
O95707,Q9H633
P78345,P78346
P78345,Q969H6
P78345,Q99575
P78345,Q9BUL9
P78345,Q9H633
P78346,Q969H6
P78346,Q99575
P78346,Q9BUL9
P78346,Q9H633
Q969H6,Q99575
Q969H6,Q9BUL9
Q969H6,Q9H633
Q99575,Q9BUL9
Q99575,Q9H633
Q9BUL9,Q9H633
P17987,P40227
P17987,P48643
P17987,P49368
P17987,P50990
P17987,P50991
P17987,P78371
P17987,Q99832
P40227,P48643
P40227,P49368
P40227,P50990
P40227,P50991
P40227,P78371
P40227,Q99832
P48643,P49368
P48643,P50990
P48643,P50991
P48643,P78371
P48643,Q99832
P49368,P50990
P49368,P50991
P49368,P78371
P49368,Q99832
P50990,P50991
P50990,P78371
P50990,Q99832
P50991,P78371
P50991,Q99832
P78371,Q99832
O14777,Q8NBT2
O14777,Q9BZD4
O14777,Q9HBM1
Q8NBT2,Q9BZD4
Q8NBT2,Q9HBM1
Q9BZD4,Q9HBM1
P42575,P78560
P42575,Q9HB75
P78560,Q9HB75
P54274,Q15554
P54274,Q96AP0
P54274,Q9BSI4
P54274,Q9NUX5
P54274,Q9NYB0
Q15554,Q96AP0
Q15554,Q9BSI4
Q15554,Q9NUX5
Q15554,Q9NYB0
Q96AP0,Q9BSI4
Q96AP0,Q9NUX5
Q96AP0,Q9NYB0
Q9BSI4,Q9NUX5
Q9BSI4,Q9NYB0
Q9NUX5,Q9NYB0
P25791,Q02577
P25791,Q86U70
P25791,Q9BXY8
Q02577,Q86U70
Q02577,Q9BXY8
Q86U70,Q9BXY8
P35613,P49768
P35613,Q92542
P35613,Q96BI3
P35613,Q9NZ42
O00213,P05067
O00213,Q07954
P05067,Q07954
O43747,Q63HQ0
O75843,Q63HQ0
P56377,Q63HQ0
P61966,Q63HQ0
Q10567,Q63HQ0
Q63HQ0,Q96PC3
Q63HQ0,Q9BXS5
Q63HQ0,Q9Y6Q5
O96019,P51532
O96019,P60709
O96019,Q12824
O96019,Q68CP9
O96019,Q86U86
O96019,Q8TAQ2
O96019,Q92922
O96019,Q969G3
O96019,Q96GM5
P51532,Q68CP9
P51532,Q86U86
P60709,Q68CP9
P60709,Q86U86
Q12824,Q68CP9
Q12824,Q86U86
Q68CP9,Q86U86
Q68CP9,Q8TAQ2
Q68CP9,Q92922
Q68CP9,Q969G3
Q68CP9,Q96GM5
Q86U86,Q8TAQ2
Q86U86,Q92922
Q86U86,Q969G3
Q86U86,Q96GM5
O00268,P20226
O00268,P21675
O00268,P49848
O00268,Q12962
O00268,Q15542
O00268,Q15544
O00268,Q16594
O00268,Q6P1X5
P20226,P21675
P20226,P49848
P20226,Q12962
P20226,Q15542
P20226,Q15544
P20226,Q16594
P20226,Q6P1X5
P21675,P49848
P21675,Q12962
P21675,Q15542
P21675,Q15544
P21675,Q16594
P21675,Q6P1X5
P49848,Q12962
P49848,Q15542
P49848,Q15544
P49848,Q16594
P49848,Q6P1X5
Q12962,Q15542
Q12962,Q15544
Q12962,Q16594
Q12962,Q6P1X5
Q15542,Q15544
Q15542,Q16594
Q15542,Q6P1X5
Q15544,Q16594
Q15544,Q6P1X5
Q16594,Q6P1X5
P57678,Q86TM6
P57678,Q9BUN8
Q86TM6,Q9BUN8
O95347,P09874
O95347,P18887
P09874,P18887
P09874,Q15003
P09874,Q15021
P09874,Q9BPX3
P09874,Q9NTJ3
P18887,Q15003
P18887,Q15021
P18887,Q9BPX3
P18887,Q9NTJ3
O95347,P42695
O95347,Q6IBW4
O95347,Q86XI2
P42695,Q6IBW4
P42695,Q86XI2
P42695,Q9NTJ3
Q6IBW4,Q86XI2
Q6IBW4,Q9NTJ3
Q86XI2,Q9NTJ3
P83436,Q14746
P83436,Q8WTW3
P83436,Q96JB2
P83436,Q96MW5
P83436,Q9H9E3
P83436,Q9UP83
P83436,Q9Y2V7
Q14746,Q8WTW3
Q14746,Q96JB2
Q14746,Q96MW5
Q14746,Q9H9E3
Q14746,Q9UP83
Q14746,Q9Y2V7
Q8WTW3,Q96JB2
Q8WTW3,Q96MW5
Q8WTW3,Q9H9E3
Q8WTW3,Q9UP83
Q8WTW3,Q9Y2V7
Q96JB2,Q96MW5
Q96JB2,Q9H9E3
Q96JB2,Q9UP83
Q96JB2,Q9Y2V7
Q96MW5,Q9H9E3
Q96MW5,Q9UP83
Q96MW5,Q9Y2V7
Q9H9E3,Q9UP83
Q9H9E3,Q9Y2V7
Q9UP83,Q9Y2V7
O15294,O60296
O15294,Q9UPV9
O60296,Q9UPV9
O00217,O00483
O00217,O14561
O00217,O15239
O00217,O43181
O00217,O43674
O00217,O43676
O00217,O43677
O00217,O43678
O00217,O43920
O00217,O75251
O00217,O75306
O00217,O75380
O00217,O75438
O00217,O75489
O00217,O95139
O00217,O95167
O00217,O95168
O00217,O95169
O00217,O95178
O00217,O95182
O00217,O95298
O00217,O95299
O00217,O96000
O00217,P03886
O00217,P03891
O00217,P03897
O00217,P03901
O00217,P03915
O00217,P03923
O00217,P17568
O00217,P19404
O00217,P28331
O00217,P49821
O00217,P51970
O00217,P56181
O00217,P56556
O00217,Q16718
O00217,Q16795
O00217,Q86Y39
O00217,Q9NX14
O00217,Q9P0J0
O00217,Q9UI09
O00217,Q9Y6M9
O00483,O14561
O00483,O15239
O00483,O43181
O00483,O43674
O00483,O43676
O00483,O43677
O00483,O43678
O00483,O43920
O00483,O75251
O00483,O75306
O00483,O75380
O00483,O75438
O00483,O75489
O00483,O95139
O00483,O95167
O00483,O95168
O00483,O95169
O00483,O95178
O00483,O95182
O00483,O95298
O00483,O95299
O00483,O96000
O00483,P03886
O00483,P03891
O00483,P03897
O00483,P03901
O00483,P03915
O00483,P03923
O00483,P17568
O00483,P19404
O00483,P28331
O00483,P49821
O00483,P51970
O00483,P56181
O00483,P56556
O00483,Q16718
O00483,Q16795
O00483,Q86Y39
O00483,Q9NX14
O00483,Q9P0J0
O00483,Q9UI09
O00483,Q9Y6M9
O14561,O15239
O14561,O43181
O14561,O43674
O14561,O43676
O14561,O43677
O14561,O43678
O14561,O43920
O14561,O75251
O14561,O75306
O14561,O75380
O14561,O75438
O14561,O75489
O14561,O95139
O14561,O95167
O14561,O95168
O14561,O95169
O14561,O95178
O14561,O95182
O14561,O95298
O14561,O95299
O14561,O96000
O14561,P03886
O14561,P03891
O14561,P03897
O14561,P03901
O14561,P03915
O14561,P03923
O14561,P17568
O14561,P19404
O14561,P28331
O14561,P49821
O14561,P51970
O14561,P56181
O14561,P56556
O14561,Q16718
O14561,Q16795
O14561,Q86Y39
O14561,Q9NX14
O14561,Q9P0J0
O14561,Q9UI09
O14561,Q9Y6M9
O15239,O43181
O15239,O43674
O15239,O43676
O15239,O43677
O15239,O43678
O15239,O43920
O15239,O75251
O15239,O75306
O15239,O75380
O15239,O75438
O15239,O75489
O15239,O95139
O15239,O95167
O15239,O95168
O15239,O95169
O15239,O95178
O15239,O95182
O15239,O95298
O15239,O95299
O15239,O96000
O15239,P03886
O15239,P03891
O15239,P03897
O15239,P03901
O15239,P03915
O15239,P03923
O15239,P17568
O15239,P19404
O15239,P28331
O15239,P49821
O15239,P51970
O15239,P56181
O15239,P56556
O15239,Q16718
O15239,Q16795
O15239,Q86Y39
O15239,Q9NX14
O15239,Q9P0J0
O15239,Q9UI09
O15239,Q9Y6M9
O43181,O43674
O43181,O43676
O43181,O43677
O43181,O43678
O43181,O43920
O43181,O75251
O43181,O75306
O43181,O75380
O43181,O75438
O43181,O75489
O43181,O95139
O43181,O95167
O43181,O95168
O43181,O95169
O43181,O95178
O43181,O95182
O43181,O95298
O43181,O95299
O43181,O96000
O43181,P03886
O43181,P03891
O43181,P03897
O43181,P03901
O43181,P03915
O43181,P03923
O43181,P17568
O43181,P19404
O43181,P28331
O43181,P49821
O43181,P51970
O43181,P56181
O43181,P56556
O43181,Q16718
O43181,Q16795
O43181,Q86Y39
O43181,Q9NX14
O43181,Q9P0J0
O43181,Q9UI09
O43181,Q9Y6M9
O43674,O43676
O43674,O43677
O43674,O43678
O43674,O43920
O43674,O75251
O43674,O75306
O43674,O75380
O43674,O75438
O43674,O75489
O43674,O95139
O43674,O95167
O43674,O95168
O43674,O95169
O43674,O95178
O43674,O95182
O43674,O95298
O43674,O95299
O43674,O96000
O43674,P03886
O43674,P03891
O43674,P03897
O43674,P03901
O43674,P03915
O43674,P03923
O43674,P17568
O43674,P19404
O43674,P28331
O43674,P49821
O43674,P51970
O43674,P56181
O43674,P56556
O43674,Q16718
O43674,Q16795
O43674,Q86Y39
O43674,Q9NX14
O43674,Q9P0J0
O43674,Q9UI09
O43674,Q9Y6M9
O43676,O43677
O43676,O43678
O43676,O43920
O43676,O75251
O43676,O75306
O43676,O75380
O43676,O75438
O43676,O75489
O43676,O95139
O43676,O95167
O43676,O95168
O43676,O95169
O43676,O95178
O43676,O95182
O43676,O95298
O43676,O95299
O43676,O96000
O43676,P03886
O43676,P03891
O43676,P03897
O43676,P03901
O43676,P03915
O43676,P03923
O43676,P17568
O43676,P19404
O43676,P28331
O43676,P49821
O43676,P51970
O43676,P56181
O43676,P56556
O43676,Q16718
O43676,Q16795
O43676,Q86Y39
O43676,Q9NX14
O43676,Q9P0J0
O43676,Q9UI09
O43676,Q9Y6M9
O43677,O43678
O43677,O43920
O43677,O75251
O43677,O75306
O43677,O75380
O43677,O75438
O43677,O75489
O43677,O95139
O43677,O95167
O43677,O95168
O43677,O95169
O43677,O95178
O43677,O95182
O43677,O95298
O43677,O95299
O43677,O96000
O43677,P03886
O43677,P03891
O43677,P03897
O43677,P03901
O43677,P03915
O43677,P03923
O43677,P17568
O43677,P19404
O43677,P28331
O43677,P49821
O43677,P51970
O43677,P56181
O43677,P56556
O43677,Q16718
O43677,Q16795
O43677,Q86Y39
O43677,Q9NX14
O43677,Q9P0J0
O43677,Q9UI09
O43677,Q9Y6M9
O43678,O43920
O43678,O75251
O43678,O75306
O43678,O75380
O43678,O75438
O43678,O75489
O43678,O95139
O43678,O95167
O43678,O95168
O43678,O95169
O43678,O95178
O43678,O95182
O43678,O95298
O43678,O95299
O43678,O96000
O43678,P03886
O43678,P03891
O43678,P03897
O43678,P03901
O43678,P03915
O43678,P03923
O43678,P17568
O43678,P19404
O43678,P28331
O43678,P49821
O43678,P51970
O43678,P56181
O43678,P56556
O43678,Q16718
O43678,Q16795
O43678,Q86Y39
O43678,Q9NX14
O43678,Q9P0J0
O43678,Q9UI09
O43678,Q9Y6M9
O43920,O75251
O43920,O75306
O43920,O75380
O43920,O75438
O43920,O75489
O43920,O95139
O43920,O95167
O43920,O95168
O43920,O95169
O43920,O95178
O43920,O95182
O43920,O95298
O43920,O95299
O43920,O96000
O43920,P03886
O43920,P03891
O43920,P03897
O43920,P03901
O43920,P03915
O43920,P03923
O43920,P17568
O43920,P19404
O43920,P28331
O43920,P49821
O43920,P51970
O43920,P56181
O43920,P56556
O43920,Q16718
O43920,Q16795
O43920,Q86Y39
O43920,Q9NX14
O43920,Q9P0J0
O43920,Q9UI09
O43920,Q9Y6M9
O75251,O75306
O75251,O75380
O75251,O75438
O75251,O75489
O75251,O95139
O75251,O95167
O75251,O95168
O75251,O95169
O75251,O95178
O75251,O95182
O75251,O95298
O75251,O95299
O75251,O96000
O75251,P03886
O75251,P03891
O75251,P03897
O75251,P03901
O75251,P03915
O75251,P03923
O75251,P17568
O75251,P19404
O75251,P28331
O75251,P49821
O75251,P51970
O75251,P56181
O75251,P56556
O75251,Q16718
O75251,Q16795
O75251,Q86Y39
O75251,Q9NX14
O75251,Q9P0J0
O75251,Q9UI09
O75251,Q9Y6M9
O75306,O75380
O75306,O75438
O75306,O75489
O75306,O95139
O75306,O95167
O75306,O95168
O75306,O95169
O75306,O95178
O75306,O95182
O75306,O95298
O75306,O95299
O75306,O96000
O75306,P03886
O75306,P03891
O75306,P03897
O75306,P03901
O75306,P03915
O75306,P03923
O75306,P17568
O75306,P19404
O75306,P28331
O75306,P49821
O75306,P51970
O75306,P56181
O75306,P56556
O75306,Q16718
O75306,Q16795
O75306,Q86Y39
O75306,Q9NX14
O75306,Q9P0J0
O75306,Q9UI09
O75306,Q9Y6M9
O75380,O75438
O75380,O75489
O75380,O95139
O75380,O95167
O75380,O95168
O75380,O95169
O75380,O95178
O75380,O95182
O75380,O95298
O75380,O95299
O75380,O96000
O75380,P03886
O75380,P03891
O75380,P03897
O75380,P03901
O75380,P03915
O75380,P03923
O75380,P17568
O75380,P19404
O75380,P28331
O75380,P49821
O75380,P51970
O75380,P56181
O75380,P56556
O75380,Q16718
O75380,Q16795
O75380,Q86Y39
O75380,Q9NX14
O75380,Q9P0J0
O75380,Q9UI09
O75380,Q9Y6M9
O75438,O75489
O75438,O95139
O75438,O95167
O75438,O95168
O75438,O95169
O75438,O95178
O75438,O95182
O75438,O95298
O75438,O95299
O75438,O96000
O75438,P03886
O75438,P03891
O75438,P03897
O75438,P03901
O75438,P03915
O75438,P03923
O75438,P17568
O75438,P19404
O75438,P28331
O75438,P49821
O75438,P51970
O75438,P56181
O75438,P56556
O75438,Q16718
O75438,Q16795
O75438,Q86Y39
O75438,Q9NX14
O75438,Q9P0J0
O75438,Q9UI09
O75438,Q9Y6M9
O75489,O95139
O75489,O95167
O75489,O95168
O75489,O95169
O75489,O95178
O75489,O95182
O75489,O95298
O75489,O95299
O75489,O96000
O75489,P03886
O75489,P03891
O75489,P03897
O75489,P03901
O75489,P03915
O75489,P03923
O75489,P17568
O75489,P19404
O75489,P28331
O75489,P49821
O75489,P51970
O75489,P56181
O75489,P56556
O75489,Q16718
O75489,Q16795
O75489,Q86Y39
O75489,Q9NX14
O75489,Q9P0J0
O75489,Q9UI09
O75489,Q9Y6M9
O95139,O95167
O95139,O95168
O95139,O95169
O95139,O95178
O95139,O95182
O95139,O95298
O95139,O95299
O95139,O96000
O95139,P03886
O95139,P03891
O95139,P03897
O95139,P03901
O95139,P03915
O95139,P03923
O95139,P17568
O95139,P19404
O95139,P28331
O95139,P49821
O95139,P51970
O95139,P56181
O95139,P56556
O95139,Q16718
O95139,Q16795
O95139,Q86Y39
O95139,Q9NX14
O95139,Q9P0J0
O95139,Q9UI09
O95139,Q9Y6M9
O95167,O95168
O95167,O95169
O95167,O95178
O95167,O95182
O95167,O95298
O95167,O95299
O95167,O96000
O95167,P03886
O95167,P03891
O95167,P03897
O95167,P03901
O95167,P03915
O95167,P03923
O95167,P17568
O95167,P19404
O95167,P28331
O95167,P49821
O95167,P51970
O95167,P56181
O95167,P56556
O95167,Q16718
O95167,Q16795
O95167,Q86Y39
O95167,Q9NX14
O95167,Q9P0J0
O95167,Q9UI09
O95167,Q9Y6M9
O95168,O95169
O95168,O95178
O95168,O95182
O95168,O95298
O95168,O95299
O95168,O96000
O95168,P03886
O95168,P03891
O95168,P03897
O95168,P03901
O95168,P03915
O95168,P03923
O95168,P17568
O95168,P19404
O95168,P28331
O95168,P49821
O95168,P51970
O95168,P56181
O95168,P56556
O95168,Q16718
O95168,Q16795
O95168,Q86Y39
O95168,Q9NX14
O95168,Q9P0J0
O95168,Q9UI09
O95168,Q9Y6M9
O95169,O95178
O95169,O95182
O95169,O95298
O95169,O95299
O95169,O96000
O95169,P03886
O95169,P03891
O95169,P03897
O95169,P03901
O95169,P03915
O95169,P03923
O95169,P17568
O95169,P19404
O95169,P28331
O95169,P49821
O95169,P51970
O95169,P56181
O95169,P56556
O95169,Q16718
O95169,Q16795
O95169,Q86Y39
O95169,Q9NX14
O95169,Q9P0J0
O95169,Q9UI09
O95169,Q9Y6M9
O95178,O95182
O95178,O95298
O95178,O95299
O95178,O96000
O95178,P03886
O95178,P03891
O95178,P03897
O95178,P03901
O95178,P03915
O95178,P03923
O95178,P17568
O95178,P19404
O95178,P28331
O95178,P49821
O95178,P51970
O95178,P56181
O95178,P56556
O95178,Q16718
O95178,Q16795
O95178,Q86Y39
O95178,Q9NX14
O95178,Q9P0J0
O95178,Q9UI09
O95178,Q9Y6M9
O95182,O95298
O95182,O95299
O95182,O96000
O95182,P03886
O95182,P03891
O95182,P03897
O95182,P03901
O95182,P03915
O95182,P03923
O95182,P17568
O95182,P19404
O95182,P28331
O95182,P49821
O95182,P51970
O95182,P56181
O95182,P56556
O95182,Q16718
O95182,Q16795
O95182,Q86Y39
O95182,Q9NX14
O95182,Q9P0J0
O95182,Q9UI09
O95182,Q9Y6M9
O95298,O95299
O95298,O96000
O95298,P03886
O95298,P03891
O95298,P03897
O95298,P03901
O95298,P03915
O95298,P03923
O95298,P17568
O95298,P19404
O95298,P28331
O95298,P49821
O95298,P51970
O95298,P56181
O95298,P56556
O95298,Q16718
O95298,Q16795
O95298,Q86Y39
O95298,Q9NX14
O95298,Q9P0J0
O95298,Q9UI09
O95298,Q9Y6M9
O95299,O96000
O95299,P03886
O95299,P03891
O95299,P03897
O95299,P03901
O95299,P03915
O95299,P03923
O95299,P17568
O95299,P19404
O95299,P28331
O95299,P49821
O95299,P51970
O95299,P56181
O95299,P56556
O95299,Q16718
O95299,Q16795
O95299,Q86Y39
O95299,Q9NX14
O95299,Q9P0J0
O95299,Q9UI09
O95299,Q9Y6M9
O96000,P03886
O96000,P03891
O96000,P03897
O96000,P03901
O96000,P03915
O96000,P03923
O96000,P17568
O96000,P19404
O96000,P28331
O96000,P49821
O96000,P51970
O96000,P56181
O96000,P56556
O96000,Q16718
O96000,Q16795
O96000,Q86Y39
O96000,Q9NX14
O96000,Q9P0J0
O96000,Q9UI09
O96000,Q9Y6M9
P03886,P03891
P03886,P03897
P03886,P03901
P03886,P03915
P03886,P03923
P03886,P17568
P03886,P19404
P03886,P28331
P03886,P49821
P03886,P51970
P03886,P56181
P03886,P56556
P03886,Q16718
P03886,Q16795
P03886,Q86Y39
P03886,Q9NX14
P03886,Q9P0J0
P03886,Q9UI09
P03886,Q9Y6M9
P03891,P03897
P03891,P03901
P03891,P03915
P03891,P03923
P03891,P17568
P03891,P19404
P03891,P28331
P03891,P49821
P03891,P51970
P03891,P56181
P03891,P56556
P03891,Q16718
P03891,Q16795
P03891,Q86Y39
P03891,Q9NX14
P03891,Q9P0J0
P03891,Q9UI09
P03891,Q9Y6M9
P03897,P03901
P03897,P03915
P03897,P03923
P03897,P17568
P03897,P19404
P03897,P28331
P03897,P49821
P03897,P51970
P03897,P56181
P03897,P56556
P03897,Q16718
P03897,Q16795
P03897,Q86Y39
P03897,Q9NX14
P03897,Q9P0J0
P03897,Q9UI09
P03897,Q9Y6M9
P03901,P03915
P03901,P03923
P03901,P17568
P03901,P19404
P03901,P28331
P03901,P49821
P03901,P51970
P03901,P56181
P03901,P56556
P03901,Q16718
P03901,Q16795
P03901,Q86Y39
P03901,Q9NX14
P03901,Q9P0J0
P03901,Q9UI09
P03901,Q9Y6M9
P03915,P03923
P03915,P17568
P03915,P19404
P03915,P28331
P03915,P49821
P03915,P51970
P03915,P56181
P03915,P56556
P03915,Q16718
P03915,Q16795
P03915,Q86Y39
P03915,Q9NX14
P03915,Q9P0J0
P03915,Q9UI09
P03915,Q9Y6M9
P03923,P17568
P03923,P19404
P03923,P28331
P03923,P49821
P03923,P51970
P03923,P56181
P03923,P56556
P03923,Q16718
P03923,Q16795
P03923,Q86Y39
P03923,Q9NX14
P03923,Q9P0J0
P03923,Q9UI09
P03923,Q9Y6M9
P17568,P19404
P17568,P28331
P17568,P49821
P17568,P51970
P17568,P56181
P17568,P56556
P17568,Q16718
P17568,Q16795
P17568,Q86Y39
P17568,Q9NX14
P17568,Q9P0J0
P17568,Q9UI09
P17568,Q9Y6M9
P19404,P28331
P19404,P49821
P19404,P51970
P19404,P56181
P19404,P56556
P19404,Q16718
P19404,Q16795
P19404,Q86Y39
P19404,Q9NX14
P19404,Q9P0J0
P19404,Q9UI09
P19404,Q9Y6M9
P28331,P49821
P28331,P51970
P28331,P56181
P28331,P56556
P28331,Q16718
P28331,Q16795
P28331,Q86Y39
P28331,Q9NX14
P28331,Q9P0J0
P28331,Q9UI09
P28331,Q9Y6M9
P49821,P51970
P49821,P56181
P49821,P56556
P49821,Q16718
P49821,Q16795
P49821,Q86Y39
P49821,Q9NX14
P49821,Q9P0J0
P49821,Q9UI09
P49821,Q9Y6M9
P51970,P56181
P51970,P56556
P51970,Q16718
P51970,Q16795
P51970,Q86Y39
P51970,Q9NX14
P51970,Q9P0J0
P51970,Q9UI09
P51970,Q9Y6M9
P56181,P56556
P56181,Q16718
P56181,Q16795
P56181,Q86Y39
P56181,Q9NX14
P56181,Q9P0J0
P56181,Q9UI09
P56181,Q9Y6M9
P56556,Q16718
P56556,Q16795
P56556,Q86Y39
P56556,Q9NX14
P56556,Q9P0J0
P56556,Q9UI09
P56556,Q9Y6M9
Q16718,Q16795
Q16718,Q86Y39
Q16718,Q9NX14
Q16718,Q9P0J0
Q16718,Q9UI09
Q16718,Q9Y6M9
Q16795,Q86Y39
Q16795,Q9NX14
Q16795,Q9P0J0
Q16795,Q9UI09
Q16795,Q9Y6M9
Q86Y39,Q9NX14
Q86Y39,Q9P0J0
Q86Y39,Q9UI09
Q86Y39,Q9Y6M9
Q9NX14,Q9P0J0
Q9NX14,Q9UI09
Q9NX14,Q9Y6M9
Q9P0J0,Q9UI09
Q9P0J0,Q9Y6M9
Q9UI09,Q9Y6M9
P62136,Q96QC0
O14818,P17980
O14818,P20618
O14818,P25786
O14818,P25787
O14818,P25788
O14818,P25789
O14818,P28066
O14818,P28070
O14818,P28072
O14818,P28074
O14818,P35998
O14818,P43686
O14818,P49720
O14818,P49721
O14818,P55036
O14818,P60900
O14818,P62191
O14818,P62195
O14818,P62333
O14818,Q99436
O14818,Q9UNM6
P17980,P20618
P17980,P25786
P17980,P25787
P17980,P25788
P17980,P25789
P17980,P28066
P17980,P28070
P17980,P28072
P17980,P28074
P17980,P49720
P17980,P49721
P17980,P60900
P17980,Q99436
P20618,P25786
P20618,P25787
P20618,P25788
P20618,P25789
P20618,P28066
P20618,P28070
P20618,P28072
P20618,P28074
P20618,P35998
P20618,P43686
P20618,P49720
P20618,P49721
P20618,P55036
P20618,P60900
P20618,P62191
P20618,P62195
P20618,P62333
P20618,Q99436
P20618,Q9UNM6
P25786,P25787
P25786,P25788
P25786,P25789
P25786,P28066
P25786,P28070
P25786,P28072
P25786,P28074
P25786,P35998
P25786,P43686
P25786,P49720
P25786,P49721
P25786,P55036
P25786,P60900
P25786,P62191
P25786,P62195
P25786,P62333
P25786,Q99436
P25786,Q9UNM6
P25787,P25788
P25787,P25789
P25787,P28066
P25787,P28070
P25787,P28072
P25787,P28074
P25787,P35998
P25787,P43686
P25787,P49720
P25787,P49721
P25787,P55036
P25787,P60900
P25787,P62191
P25787,P62195
P25787,P62333
P25787,Q99436
P25787,Q9UNM6
P25788,P25789
P25788,P28066
P25788,P28070
P25788,P28072
P25788,P28074
P25788,P35998
P25788,P43686
P25788,P49720
P25788,P49721
P25788,P55036
P25788,P60900
P25788,P62191
P25788,P62195
P25788,P62333
P25788,Q99436
P25788,Q9UNM6
P25789,P28066
P25789,P28070
P25789,P28072
P25789,P28074
P25789,P35998
P25789,P43686
P25789,P49720
P25789,P49721
P25789,P55036
P25789,P60900
P25789,P62191
P25789,P62195
P25789,P62333
P25789,Q99436
P25789,Q9UNM6
P28066,P28070
P28066,P28072
P28066,P28074
P28066,P35998
P28066,P43686
P28066,P49720
P28066,P49721
P28066,P55036
P28066,P60900
P28066,P62191
P28066,P62195
P28066,P62333
P28066,Q99436
P28066,Q9UNM6
P28070,P28072
P28070,P28074
P28070,P35998
P28070,P43686
P28070,P49720
P28070,P49721
P28070,P55036
P28070,P60900
P28070,P62191
P28070,P62195
P28070,P62333
P28070,Q99436
P28070,Q9UNM6
P28072,P28074
P28072,P35998
P28072,P43686
P28072,P49720
P28072,P49721
P28072,P55036
P28072,P60900
P28072,P62191
P28072,P62195
P28072,P62333
P28072,Q99436
P28072,Q9UNM6
P28074,P35998
P28074,P43686
P28074,P49720
P28074,P49721
P28074,P55036
P28074,P60900
P28074,P62191
P28074,P62195
P28074,P62333
P28074,Q99436
P28074,Q9UNM6
P35998,P49720
P35998,P49721
P35998,P60900
P35998,Q99436
P43686,P49720
P43686,P49721
P43686,P60900
P43686,Q99436
P49720,P49721
P49720,P55036
P49720,P60900
P49720,P62191
P49720,P62195
P49720,P62333
P49720,Q99436
P49720,Q9UNM6
P49721,P55036
P49721,P60900
P49721,P62191
P49721,P62195
P49721,P62333
P49721,Q99436
P49721,Q9UNM6
P55036,P60900
P55036,Q99436
P60900,P62191
P60900,P62195
P60900,P62333
P60900,Q99436
P60900,Q9UNM6
P62191,Q99436
P62195,Q99436
P62333,Q99436
Q99436,Q9UNM6
Q7L576,Q8IZP0
Q7L576,Q8WUW1
Q7L576,Q9Y2A7
Q7L576,Q9Y6W5
Q8IZP0,Q8WUW1
Q8IZP0,Q9Y2A7
Q8IZP0,Q9Y6W5
Q8WUW1,Q9Y2A7
Q8WUW1,Q9Y6W5
Q9Y2A7,Q9Y6W5
O14497,O94805
O14497,O96019
O14497,P51531
O14497,P63261
O14497,Q8NFD5
O94805,O96019
O94805,P51531
O94805,P51532
O94805,P60709
O94805,P63261
O94805,Q12824
O94805,Q8NFD5
O94805,Q8TAQ2
O94805,Q92922
O94805,Q969G3
O94805,Q96GM5
O96019,P51531
O96019,P63261
O96019,Q8NFD5
P51531,P51532
P51531,P60709
P51531,P63261
P51531,Q12824
P51531,Q8NFD5
P51531,Q8TAQ2
P51531,Q92922
P51531,Q969G3
P51531,Q96GM5
P51532,P63261
P51532,Q8NFD5
P60709,P63261
P60709,Q8NFD5
P63261,Q12824
P63261,Q8NFD5
P63261,Q8TAQ2
P63261,Q92922
P63261,Q969G3
P63261,Q96GM5
Q12824,Q8NFD5
Q8NFD5,Q8TAQ2
Q8NFD5,Q92922
Q8NFD5,Q969G3
Q8NFD5,Q96GM5
O43684,O60566
O43684,Q12834
O43684,Q13257
O60566,Q12834
O60566,Q13257
Q12834,Q13257
O14818,Q06323
O14818,Q9UL46
P20618,Q06323
P20618,Q9UL46
P25786,Q06323
P25786,Q9UL46
P25787,Q06323
P25787,Q9UL46
P25788,Q06323
P25788,Q9UL46
P25789,Q06323
P25789,Q9UL46
P28066,Q06323
P28066,Q9UL46
P28070,Q06323
P28070,Q9UL46
P28072,Q06323
P28072,Q9UL46
P28074,Q06323
P28074,Q9UL46
P49720,Q06323
P49720,Q9UL46
P49721,Q06323
P49721,Q9UL46
P60900,Q06323
P60900,Q9UL46
Q06323,Q99436
Q99436,Q9UL46
O00231,O14818
O00231,P20618
O00231,P25786
O00231,P25787
O00231,P25788
O00231,P25789
O00231,P28066
O00231,P28070
O00231,P28072
O00231,P28074
O00231,P49720
O00231,P49721
O00231,P60900
O00231,Q06323
O00231,Q99436
O00231,Q9UL46
O00232,O14818
O00232,P20618
O00232,P25786
O00232,P25787
O00232,P25788
O00232,P25789
O00232,P28066
O00232,P28070
O00232,P28072
O00232,P28074
O00232,P49720
O00232,P49721
O00232,P60900
O00232,Q06323
O00232,Q99436
O00232,Q9UL46
O00233,O14818
O00233,P20618
O00233,P25786
O00233,P25787
O00233,P25788
O00233,P25789
O00233,P28066
O00233,P28070
O00233,P28072
O00233,P28074
O00233,P49720
O00233,P49721
O00233,P60900
O00233,Q06323
O00233,Q99436
O00233,Q9UL46
O00487,O14818
O00487,P20618
O00487,P25786
O00487,P25787
O00487,P25788
O00487,P25789
O00487,P28066
O00487,P28070
O00487,P28072
O00487,P28074
O00487,P49720
O00487,P49721
O00487,P60900
O00487,Q06323
O00487,Q99436
O00487,Q9UL46
O14818,O43242
O14818,O75832
O14818,P48556
O14818,P51665
O14818,Q13200
O14818,Q15008
O14818,Q16401
O14818,Q99460
O43242,P20618
O43242,P25786
O43242,P25787
O43242,P25788
O43242,P25789
O43242,P28066
O43242,P28070
O43242,P28072
O43242,P28074
O43242,P49720
O43242,P49721
O43242,P60900
O43242,Q06323
O43242,Q99436
O43242,Q9UL46
O75832,P20618
O75832,P25786
O75832,P25787
O75832,P25788
O75832,P25789
O75832,P28066
O75832,P28070
O75832,P28072
O75832,P28074
O75832,P49720
O75832,P49721
O75832,P60900
O75832,Q06323
O75832,Q99436
O75832,Q9UL46
P17980,Q06323
P17980,Q9UL46
P20618,P48556
P20618,P51665
P20618,Q13200
P20618,Q15008
P20618,Q16401
P20618,Q99460
P25786,P48556
P25786,P51665
P25786,Q13200
P25786,Q15008
P25786,Q16401
P25786,Q99460
P25787,P48556
P25787,P51665
P25787,Q13200
P25787,Q15008
P25787,Q16401
P25787,Q99460
P25788,P48556
P25788,P51665
P25788,Q13200
P25788,Q15008
P25788,Q16401
P25788,Q99460
P25789,P48556
P25789,P51665
P25789,Q13200
P25789,Q15008
P25789,Q16401
P25789,Q99460
P28066,P48556
P28066,P51665
P28066,Q13200
P28066,Q15008
P28066,Q16401
P28066,Q99460
P28070,P48556
P28070,P51665
P28070,Q13200
P28070,Q15008
P28070,Q16401
P28070,Q99460
P28072,P48556
P28072,P51665
P28072,Q13200
P28072,Q15008
P28072,Q16401
P28072,Q99460
P28074,P48556
P28074,P51665
P28074,Q13200
P28074,Q15008
P28074,Q16401
P28074,Q99460
P35998,Q06323
P35998,Q9UL46
P43686,Q06323
P43686,Q9UL46
P48556,P49720
P48556,P49721
P48556,P60900
P48556,Q06323
P48556,Q99436
P48556,Q9UL46
P49720,P51665
P49720,Q13200
P49720,Q15008
P49720,Q16401
P49720,Q99460
P49721,P51665
P49721,Q13200
P49721,Q15008
P49721,Q16401
P49721,Q99460
P51665,P60900
P51665,Q06323
P51665,Q99436
P51665,Q9UL46
P55036,Q06323
P55036,Q9UL46
P60900,Q13200
P60900,Q15008
P60900,Q16401
P60900,Q99460
P62191,Q06323
P62191,Q9UL46
P62195,Q06323
P62195,Q9UL46
P62333,Q06323
P62333,Q9UL46
Q06323,Q13200
Q06323,Q15008
Q06323,Q16401
Q06323,Q99460
Q06323,Q9UNM6
Q13200,Q99436
Q13200,Q9UL46
Q15008,Q99436
Q15008,Q9UL46
Q16401,Q99436
Q16401,Q9UL46
Q99436,Q99460
Q99460,Q9UL46
Q9UL46,Q9UNM6
O14818,P61289
P20618,P61289
P25786,P61289
P25787,P61289
P25788,P61289
P25789,P61289
P28066,P61289
P28070,P61289
P28072,P61289
P28074,P61289
P49720,P61289
P49721,P61289
P60900,P61289
P61289,Q99436
P38398,Q99728
O60934,P38398
P38398,P49959
P38398,Q92878
P40337,P62877
P40337,Q13617
P40337,Q15369
P40337,Q15370
P62877,Q13617
P62877,Q15369
P62877,Q15370
Q13617,Q15369
Q13617,Q15370
Q15369,Q15370
P49917,Q13426
Q15369,Q93034
Q15369,Q96Q27
Q15369,Q9UBF6
Q15370,Q93034
Q15370,Q96Q27
Q15370,Q9UBF6
Q93034,Q96Q27
Q93034,Q9UBF6
Q96Q27,Q9UBF6
Q15369,Q9Y576
Q15370,Q9Y576
Q93034,Q9Y576
Q9UBF6,Q9Y576
Q15369,Q9NWX5
Q15370,Q9NWX5
Q93034,Q9NWX5
Q9NWX5,Q9UBF6
Q15369,Q9H672
Q15370,Q9H672
Q93034,Q9H672
Q9H672,Q9UBF6
Q15369,Q8WXK4
Q15370,Q8WXK4
Q8WXK4,Q93034
Q8WXK4,Q9UBF6
P18887,P49916
P18887,P49917
P62877,Q93034
P62877,Q9Y6I7
Q15369,Q9Y6I7
Q15370,Q9Y6I7
Q93034,Q9Y6I7
O43513,O60244
O43513,O75448
O43513,O95402
O43513,Q15648
O43513,Q6P2C8
O43513,Q9NVC6
O43513,Q9ULK4
O60244,O95402
O60244,Q6P2C8
O60244,Q9ULK4
O75448,O95402
O75448,Q6P2C8
O75448,Q9ULK4
O95402,Q15648
O95402,Q6P2C8
O95402,Q9NVC6
O95402,Q9ULK4
Q15648,Q6P2C8
Q15648,Q9ULK4
Q6P2C8,Q9NVC6
Q6P2C8,Q9ULK4
Q9NVC6,Q9ULK4
P62877,Q86VP6
Q13616,Q86VP6
P06748,Q7Z6Z7
P06748,Q8N726
Q7Z6Z7,Q8N726
Q13617,Q86VP6
P62877,Q13618
Q13618,Q86VP6
P62877,Q13619
Q13619,Q86VP6
P62877,Q13620
Q13620,Q86VP6
P63208,Q9Y297
Q13616,Q9Y297
O60244,O75586
O60244,P24863
O60244,P49336
O60244,Q13503
O60244,Q9Y3C7
O75448,O75586
O75448,P24863
O75448,P49336
O75448,Q13503
O75448,Q9Y3C7
O75586,P24863
O75586,P49336
O75586,Q13503
O75586,Q15648
O75586,Q9Y3C7
P24863,P49336
P24863,Q13503
P24863,Q15648
P24863,Q9Y3C7
P49336,Q13503
P49336,Q15648
P49336,Q9Y3C7
Q13503,Q15648
Q13503,Q9Y3C7
Q15648,Q9Y3C7
O60244,Q9BTT4
O75586,Q9BTT4
O75586,Q9ULK4
P24863,Q9BTT4
P24863,Q9ULK4
P49336,Q9BTT4
P49336,Q9ULK4
Q13503,Q9BTT4
Q13503,Q9ULK4
Q9BTT4,Q9ULK4
A0JLT2,O43513
A0JLT2,O60244
A0JLT2,O75448
A0JLT2,O75586
A0JLT2,O95402
A0JLT2,P24863
A0JLT2,P49336
A0JLT2,Q13503
A0JLT2,Q15528
A0JLT2,Q15648
A0JLT2,Q6P2C8
A0JLT2,Q71F56
A0JLT2,Q71SY5
A0JLT2,Q93074
A0JLT2,Q96G25
A0JLT2,Q96HR3
A0JLT2,Q96RN5
A0JLT2,Q9BTT4
A0JLT2,Q9BUE0
A0JLT2,Q9BWU1
A0JLT2,Q9H204
A0JLT2,Q9H944
A0JLT2,Q9NPJ6
A0JLT2,Q9NVC6
A0JLT2,Q9NWA0
A0JLT2,Q9NX70
A0JLT2,Q9P086
A0JLT2,Q9UHV7
A0JLT2,Q9ULK4
A0JLT2,Q9Y2X0
A0JLT2,Q9Y3C7
O43513,O75586
O43513,P24863
O43513,P49336
O43513,Q13503
O43513,Q15528
O43513,Q71F56
O43513,Q71SY5
O43513,Q93074
O43513,Q96G25
O43513,Q96HR3
O43513,Q96RN5
O43513,Q9BTT4
O43513,Q9BUE0
O43513,Q9BWU1
O43513,Q9H204
O43513,Q9H944
O43513,Q9NPJ6
O43513,Q9NWA0
O43513,Q9NX70
O43513,Q9P086
O43513,Q9UHV7
O43513,Q9Y2X0
O43513,Q9Y3C7
O60244,Q15528
O60244,Q71F56
O60244,Q71SY5
O60244,Q96G25
O60244,Q96HR3
O60244,Q96RN5
O60244,Q9BUE0
O60244,Q9BWU1
O60244,Q9H204
O60244,Q9H944
O60244,Q9NPJ6
O60244,Q9NWA0
O60244,Q9NX70
O60244,Q9P086
O60244,Q9UHV7
O75448,Q15528
O75448,Q71F56
O75448,Q71SY5
O75448,Q96G25
O75448,Q96HR3
O75448,Q96RN5
O75448,Q9BTT4
O75448,Q9BUE0
O75448,Q9BWU1
O75448,Q9H204
O75448,Q9H944
O75448,Q9NPJ6
O75448,Q9NWA0
O75448,Q9NX70
O75448,Q9P086
O75448,Q9UHV7
O75586,O95402
O75586,Q15528
O75586,Q6P2C8
O75586,Q71F56
O75586,Q71SY5
O75586,Q93074
O75586,Q96G25
O75586,Q96HR3
O75586,Q96RN5
O75586,Q9BUE0
O75586,Q9BWU1
O75586,Q9H204
O75586,Q9H944
O75586,Q9NPJ6
O75586,Q9NVC6
O75586,Q9NWA0
O75586,Q9NX70
O75586,Q9P086
O75586,Q9UHV7
O75586,Q9Y2X0
O95402,P24863
O95402,P49336
O95402,Q13503
O95402,Q15528
O95402,Q71F56
O95402,Q71SY5
O95402,Q93074
O95402,Q96G25
O95402,Q96HR3
O95402,Q96RN5
O95402,Q9BTT4
O95402,Q9BUE0
O95402,Q9BWU1
O95402,Q9H204
O95402,Q9H944
O95402,Q9NPJ6
O95402,Q9NWA0
O95402,Q9NX70
O95402,Q9P086
O95402,Q9UHV7
O95402,Q9Y2X0
O95402,Q9Y3C7
P24863,Q15528
P24863,Q6P2C8
P24863,Q71F56
P24863,Q71SY5
P24863,Q93074
P24863,Q96G25
P24863,Q96HR3
P24863,Q96RN5
P24863,Q9BUE0
P24863,Q9BWU1
P24863,Q9H204
P24863,Q9H944
P24863,Q9NPJ6
P24863,Q9NVC6
P24863,Q9NWA0
P24863,Q9NX70
P24863,Q9P086
P24863,Q9UHV7
P24863,Q9Y2X0
P49336,Q15528
P49336,Q6P2C8
P49336,Q71F56
P49336,Q71SY5
P49336,Q93074
P49336,Q96G25
P49336,Q96HR3
P49336,Q96RN5
P49336,Q9BUE0
P49336,Q9BWU1
P49336,Q9H204
P49336,Q9H944
P49336,Q9NPJ6
P49336,Q9NVC6
P49336,Q9NWA0
P49336,Q9NX70
P49336,Q9P086
P49336,Q9UHV7
P49336,Q9Y2X0
Q13503,Q15528
Q13503,Q6P2C8
Q13503,Q71F56
Q13503,Q71SY5
Q13503,Q93074
Q13503,Q96G25
Q13503,Q96HR3
Q13503,Q96RN5
Q13503,Q9BUE0
Q13503,Q9BWU1
Q13503,Q9H204
Q13503,Q9H944
Q13503,Q9NPJ6
Q13503,Q9NVC6
Q13503,Q9NWA0
Q13503,Q9NX70
Q13503,Q9P086
Q13503,Q9UHV7
Q13503,Q9Y2X0
Q15528,Q15648
Q15528,Q6P2C8
Q15528,Q71F56
Q15528,Q71SY5
Q15528,Q93074
Q15528,Q96G25
Q15528,Q96HR3
Q15528,Q96RN5
Q15528,Q9BTT4
Q15528,Q9BUE0
Q15528,Q9BWU1
Q15528,Q9H204
Q15528,Q9H944
Q15528,Q9NPJ6
Q15528,Q9NVC6
Q15528,Q9NWA0
Q15528,Q9NX70
Q15528,Q9P086
Q15528,Q9UHV7
Q15528,Q9ULK4
Q15528,Q9Y2X0
Q15528,Q9Y3C7
Q15648,Q71F56
Q15648,Q71SY5
Q15648,Q96G25
Q15648,Q96HR3
Q15648,Q96RN5
Q15648,Q9BTT4
Q15648,Q9BUE0
Q15648,Q9BWU1
Q15648,Q9H204
Q15648,Q9H944
Q15648,Q9NPJ6
Q15648,Q9NWA0
Q15648,Q9NX70
Q15648,Q9P086
Q15648,Q9UHV7
Q6P2C8,Q71F56
Q6P2C8,Q71SY5
Q6P2C8,Q93074
Q6P2C8,Q96G25
Q6P2C8,Q96HR3
Q6P2C8,Q96RN5
Q6P2C8,Q9BTT4
Q6P2C8,Q9BUE0
Q6P2C8,Q9BWU1
Q6P2C8,Q9H204
Q6P2C8,Q9H944
Q6P2C8,Q9NPJ6
Q6P2C8,Q9NWA0
Q6P2C8,Q9NX70
Q6P2C8,Q9P086
Q6P2C8,Q9UHV7
Q6P2C8,Q9Y2X0
Q6P2C8,Q9Y3C7
Q71F56,Q71SY5
Q71F56,Q93074
Q71F56,Q96G25
Q71F56,Q96HR3
Q71F56,Q96RN5
Q71F56,Q9BTT4
Q71F56,Q9BUE0
Q71F56,Q9BWU1
Q71F56,Q9H204
Q71F56,Q9H944
Q71F56,Q9NPJ6
Q71F56,Q9NVC6
Q71F56,Q9NWA0
Q71F56,Q9NX70
Q71F56,Q9P086
Q71F56,Q9UHV7
Q71F56,Q9ULK4
Q71F56,Q9Y2X0
Q71F56,Q9Y3C7
Q71SY5,Q93074
Q71SY5,Q96G25
Q71SY5,Q96HR3
Q71SY5,Q96RN5
Q71SY5,Q9BTT4
Q71SY5,Q9BUE0
Q71SY5,Q9BWU1
Q71SY5,Q9H204
Q71SY5,Q9H944
Q71SY5,Q9NPJ6
Q71SY5,Q9NVC6
Q71SY5,Q9NWA0
Q71SY5,Q9NX70
Q71SY5,Q9P086
Q71SY5,Q9UHV7
Q71SY5,Q9ULK4
Q71SY5,Q9Y2X0
Q71SY5,Q9Y3C7
Q93074,Q96G25
Q93074,Q96HR3
Q93074,Q96RN5
Q93074,Q9BTT4
Q93074,Q9BUE0
Q93074,Q9BWU1
Q93074,Q9H204
Q93074,Q9H944
Q93074,Q9NPJ6
Q93074,Q9NWA0
Q93074,Q9NX70
Q93074,Q9P086
Q93074,Q9UHV7
Q93074,Q9ULK4
Q93074,Q9Y3C7
Q96G25,Q96HR3
Q96G25,Q96RN5
Q96G25,Q9BTT4
Q96G25,Q9BUE0
Q96G25,Q9BWU1
Q96G25,Q9H204
Q96G25,Q9H944
Q96G25,Q9NPJ6
Q96G25,Q9NVC6
Q96G25,Q9NWA0
Q96G25,Q9NX70
Q96G25,Q9P086
Q96G25,Q9UHV7
Q96G25,Q9ULK4
Q96G25,Q9Y2X0
Q96G25,Q9Y3C7
Q96HR3,Q96RN5
Q96HR3,Q9BTT4
Q96HR3,Q9BUE0
Q96HR3,Q9BWU1
Q96HR3,Q9H204
Q96HR3,Q9H944
Q96HR3,Q9NPJ6
Q96HR3,Q9NVC6
Q96HR3,Q9NWA0
Q96HR3,Q9NX70
Q96HR3,Q9P086
Q96HR3,Q9UHV7
Q96HR3,Q9ULK4
Q96HR3,Q9Y2X0
Q96HR3,Q9Y3C7
Q96RN5,Q9BTT4
Q96RN5,Q9BUE0
Q96RN5,Q9BWU1
Q96RN5,Q9H204
Q96RN5,Q9H944
Q96RN5,Q9NPJ6
Q96RN5,Q9NVC6
Q96RN5,Q9NWA0
Q96RN5,Q9NX70
Q96RN5,Q9P086
Q96RN5,Q9UHV7
Q96RN5,Q9ULK4
Q96RN5,Q9Y2X0
Q96RN5,Q9Y3C7
Q9BTT4,Q9BUE0
Q9BTT4,Q9BWU1
Q9BTT4,Q9H204
Q9BTT4,Q9H944
Q9BTT4,Q9NPJ6
Q9BTT4,Q9NVC6
Q9BTT4,Q9NWA0
Q9BTT4,Q9NX70
Q9BTT4,Q9P086
Q9BTT4,Q9UHV7
Q9BTT4,Q9Y2X0
Q9BTT4,Q9Y3C7
Q9BUE0,Q9BWU1
Q9BUE0,Q9H204
Q9BUE0,Q9H944
Q9BUE0,Q9NPJ6
Q9BUE0,Q9NVC6
Q9BUE0,Q9NWA0
Q9BUE0,Q9NX70
Q9BUE0,Q9P086
Q9BUE0,Q9UHV7
Q9BUE0,Q9ULK4
Q9BUE0,Q9Y2X0
Q9BUE0,Q9Y3C7
Q9BWU1,Q9H204
Q9BWU1,Q9H944
Q9BWU1,Q9NPJ6
Q9BWU1,Q9NVC6
Q9BWU1,Q9NWA0
Q9BWU1,Q9NX70
Q9BWU1,Q9P086
Q9BWU1,Q9UHV7
Q9BWU1,Q9ULK4
Q9BWU1,Q9Y2X0
Q9BWU1,Q9Y3C7
Q9H204,Q9H944
Q9H204,Q9NPJ6
Q9H204,Q9NVC6
Q9H204,Q9NWA0
Q9H204,Q9NX70
Q9H204,Q9P086
Q9H204,Q9UHV7
Q9H204,Q9ULK4
Q9H204,Q9Y2X0
Q9H204,Q9Y3C7
Q9H944,Q9NPJ6
Q9H944,Q9NVC6
Q9H944,Q9NWA0
Q9H944,Q9NX70
Q9H944,Q9P086
Q9H944,Q9UHV7
Q9H944,Q9ULK4
Q9H944,Q9Y2X0
Q9H944,Q9Y3C7
Q9NPJ6,Q9NVC6
Q9NPJ6,Q9NWA0
Q9NPJ6,Q9NX70
Q9NPJ6,Q9P086
Q9NPJ6,Q9UHV7
Q9NPJ6,Q9ULK4
Q9NPJ6,Q9Y2X0
Q9NPJ6,Q9Y3C7
Q9NVC6,Q9NWA0
Q9NVC6,Q9NX70
Q9NVC6,Q9P086
Q9NVC6,Q9UHV7
Q9NVC6,Q9Y3C7
Q9NWA0,Q9NX70
Q9NWA0,Q9P086
Q9NWA0,Q9UHV7
Q9NWA0,Q9ULK4
Q9NWA0,Q9Y2X0
Q9NWA0,Q9Y3C7
Q9NX70,Q9P086
Q9NX70,Q9UHV7
Q9NX70,Q9ULK4
Q9NX70,Q9Y2X0
Q9NX70,Q9Y3C7
Q9P086,Q9UHV7
Q9P086,Q9ULK4
Q9P086,Q9Y2X0
Q9P086,Q9Y3C7
Q9UHV7,Q9ULK4
Q9UHV7,Q9Y2X0
Q9UHV7,Q9Y3C7
Q9ULK4,Q9Y2X0
Q9ULK4,Q9Y3C7
Q9Y2X0,Q9Y3C7
O43513,Q9UKU7
O60244,Q9UKU7
O75448,Q9UKU7
O75586,Q9UKU7
O95402,Q9UKU7
Q15648,Q9UKU7
Q71SY5,Q9UKU7
Q93074,Q9UKU7
Q96G25,Q9UKU7
Q96RN5,Q9UKU7
Q9NPJ6,Q9UKU7
Q9NVC6,Q9UKU7
Q9UHV7,Q9UKU7
Q9UKU7,Q9ULK4
O60264,Q9NRF9
O60264,Q9NRG0
Q9NRF9,Q9NRG0
Q9NRF9,Q9NRL2
Q9NRG0,Q9NRL2
O60264,Q9UIG0
O14497,P38398
O14497,Q92925
O96019,P38398
O96019,Q92925
P38398,P51531
P38398,P51532
P38398,Q12824
P38398,Q8TAQ2
P38398,Q92922
P38398,Q92925
P38398,Q969G3
P51531,Q92925
P51532,Q92925
Q12824,Q92925
Q8TAQ2,Q92925
Q92922,Q92925
Q92925,Q969G3
P38398,Q99708
P38398,Q9GZX5
Q99708,Q9GZX5
P38398,Q9BX63
P06493,P14635
P06493,Q15311
P14635,Q15311
O15287,P15927
O15287,P27694
O15287,P35244
O15287,P40692
O15287,P54132
O15287,Q13472
O15287,Q9H9A7
O15287,Q9HB96
O15287,Q9NW38
O15360,P15927
O15360,P27694
O15360,P35244
O15360,P40692
O15360,P54132
O15360,Q13472
O15360,Q9H9A7
O15360,Q9HB96
O15360,Q9NW38
P15927,P27694
P15927,P35244
P15927,P40692
P15927,P54132
P15927,Q00597
P15927,Q13472
P15927,Q9H9A7
P15927,Q9HB96
P15927,Q9NPI8
P15927,Q9NW38
P27694,P35244
P27694,P40692
P27694,P54132
P27694,Q00597
P27694,Q13472
P27694,Q9H9A7
P27694,Q9HB96
P27694,Q9NPI8
P27694,Q9NW38
P35244,P40692
P35244,P54132
P35244,Q00597
P35244,Q13472
P35244,Q9H9A7
P35244,Q9HB96
P35244,Q9NPI8
P35244,Q9NW38
P40692,P54132
P40692,Q00597
P40692,Q13472
P40692,Q9H9A7
P40692,Q9HB96
P40692,Q9NPI8
P40692,Q9NW38
P54132,Q00597
P54132,Q13472
P54132,Q9H9A7
P54132,Q9HB96
P54132,Q9NPI8
P54132,Q9NW38
Q00597,Q13472
Q00597,Q9H9A7
Q00597,Q9HB96
Q00597,Q9NW38
Q13472,Q9H9A7
Q13472,Q9HB96
Q13472,Q9NPI8
Q13472,Q9NW38
Q9H9A7,Q9HB96
Q9H9A7,Q9NPI8
Q9H9A7,Q9NW38
Q9HB96,Q9NPI8
Q9HB96,Q9NW38
Q9NPI8,Q9NW38
O15287,Q0VG06
O15287,Q8NB91
O15360,Q0VG06
O15360,Q8NB91
Q00597,Q0VG06
Q00597,Q8NB91
Q0VG06,Q8NB91
Q0VG06,Q9H9A7
Q0VG06,Q9HB96
Q0VG06,Q9NPI8
Q0VG06,Q9NW38
Q8NB91,Q9H9A7
Q8NB91,Q9HB96
Q8NB91,Q9NPI8
Q8NB91,Q9NW38
O95782,P14635
O95782,P49757
O95782,Q15311
O95782,Q9Y6I3
P14635,P49757
P14635,Q9Y6I3
P49757,Q15311
P49757,Q9Y6I3
Q15311,Q9Y6I3
O43502,O43542
Q9BWT6,Q9P2W1
O15315,O43542
O43542,O43543
O43542,O75771
Q13535,Q8WXE1
O75943,P35249
O75943,P35250
O75943,P40937
O75943,P40938
P35249,P35250
P35249,P40937
P35249,P40938
P35250,P40937
P35250,P40938
P40937,P40938
O60671,O60921
O60671,Q99638
O60921,Q99638
O60671,O75943
O60671,P35249
O60671,P35250
O60671,P40937
O60671,P40938
O60921,O75943
O60921,P35249
O60921,P35250
O60921,P40937
O60921,P40938
O75943,Q99638
P35249,Q99638
P35250,Q99638
P40937,Q99638
P40938,Q99638
P35249,P35251
P35250,P35251
P35251,P40937
P35251,P40938
P04406,P09429
P04406,P11142
P04406,P26583
P04406,P30101
P09429,P11142
P09429,P26583
P09429,P30101
P11142,P26583
P11142,P30101
P26583,P30101
P18615,Q8IXH7
P18615,Q8WX92
P18615,Q9H3P2
Q8IXH7,Q8WX92
Q8IXH7,Q9H3P2
Q8WX92,Q9H3P2
O60216,O60264
O60216,O94776
O60216,O95983
O60216,Q09028
O60216,Q12873
O60216,Q13330
O60216,Q13547
O60216,Q16576
O60216,Q92769
O60216,Q9NRL2
O60216,Q9UBB5
O60264,O94776
O60264,O95983
O60264,Q09028
O60264,Q12873
O60264,Q13330
O60264,Q14683
O60264,Q16576
O60264,Q8N3U4
O60264,Q8WVM7
O60264,Q92769
O60264,Q9UBB5
O60264,Q9UQE7
O94776,Q12873
O94776,Q13330
O94776,Q14683
O94776,Q8N3U4
O94776,Q8WVM7
O94776,Q9NRL2
O94776,Q9UQE7
O95983,Q12873
O95983,Q13330
O95983,Q14683
O95983,Q8N3U4
O95983,Q8WVM7
O95983,Q9NRL2
O95983,Q9UQE7
Q09028,Q12873
Q09028,Q13330
Q09028,Q14683
Q09028,Q8N3U4
Q09028,Q8WVM7
Q09028,Q9NRL2
Q09028,Q9UQE7
Q12873,Q13330
Q12873,Q13547
Q12873,Q14683
Q12873,Q16576
Q12873,Q8N3U4
Q12873,Q8WVM7
Q12873,Q92769
Q12873,Q9NRL2
Q12873,Q9UBB5
Q12873,Q9UQE7
Q13330,Q13547
Q13330,Q14683
Q13330,Q16576
Q13330,Q8N3U4
Q13330,Q8WVM7
Q13330,Q92769
Q13330,Q9NRL2
Q13330,Q9UBB5
Q13330,Q9UQE7
Q13547,Q14683
Q13547,Q8N3U4
Q13547,Q8WVM7
Q13547,Q9NRL2
Q13547,Q9UQE7
Q14683,Q16576
Q14683,Q92769
Q14683,Q9NRL2
Q14683,Q9UBB5
Q16576,Q8N3U4
Q16576,Q8WVM7
Q16576,Q9NRL2
Q16576,Q9UQE7
Q8N3U4,Q8WVM7
Q8N3U4,Q92769
Q8N3U4,Q9NRL2
Q8N3U4,Q9UBB5
Q8WVM7,Q92769
Q8WVM7,Q9NRL2
Q8WVM7,Q9UBB5
Q92769,Q9NRL2
Q92769,Q9UQE7
Q9NRL2,Q9UBB5
Q9NRL2,Q9UQE7
Q9UBB5,Q9UQE7
P12004,P40692
P12004,P54277
P40692,P54277
P12004,P43246
P12004,P52701
P43246,P52701
P12004,P54278
P40692,P43246
P40692,P54278
P43246,P54278
P12004,P28340
P12004,P49005
P12004,Q15054
P12004,Q9HCU8
P28340,P49005
P28340,Q15054
P28340,Q9HCU8
P49005,Q15054
P49005,Q9HCU8
Q15054,Q9HCU8
P27695,P40763
P27695,Q16665
P27695,Q99966
P40763,Q16665
P40763,Q99966
Q16665,Q99966
Q14653,Q99966
O43513,Q9Y2W1
O75586,Q9Y2W1
Q13503,Q9Y2W1
Q6P2C8,Q9Y2W1
Q9BTT4,Q9Y2W1
Q9H944,Q9Y2W1
Q9Y2W1,Q9Y3C7
P24863,Q9Y2W1
P49336,Q9Y2W1
Q9UHV7,Q9Y2W1
O96019,P15923
O96019,Q53TQ3
O96019,Q6P4R8
O96019,Q6PI98
O96019,Q8NBZ0
O96019,Q96EZ8
O96019,Q9C086
O96019,Q9H981
O96019,Q9H9F9
O96019,Q9ULG1
O96019,Q9Y230
O96019,Q9Y265
P15923,Q53TQ3
P15923,Q6P4R8
P15923,Q6PI98
P15923,Q8NBZ0
P15923,Q96EZ8
P15923,Q9C086
P15923,Q9H981
P15923,Q9H9F9
P15923,Q9ULG1
P15923,Q9Y230
P15923,Q9Y265
Q53TQ3,Q6P4R8
Q53TQ3,Q6PI98
Q53TQ3,Q8NBZ0
Q53TQ3,Q96EZ8
Q53TQ3,Q9C086
Q53TQ3,Q9H981
Q53TQ3,Q9H9F9
Q53TQ3,Q9ULG1
Q53TQ3,Q9Y230
Q53TQ3,Q9Y265
Q6P4R8,Q6PI98
Q6P4R8,Q8NBZ0
Q6P4R8,Q96EZ8
Q6P4R8,Q9C086
Q6P4R8,Q9H981
Q6P4R8,Q9H9F9
Q6P4R8,Q9ULG1
Q6P4R8,Q9Y230
Q6P4R8,Q9Y265
Q6PI98,Q8NBZ0
Q6PI98,Q96EZ8
Q6PI98,Q9C086
Q6PI98,Q9H981
Q6PI98,Q9H9F9
Q6PI98,Q9ULG1
Q6PI98,Q9Y230
Q6PI98,Q9Y265
Q8NBZ0,Q96EZ8
Q8NBZ0,Q9C086
Q8NBZ0,Q9H981
Q8NBZ0,Q9H9F9
Q8NBZ0,Q9ULG1
Q8NBZ0,Q9Y230
Q8NBZ0,Q9Y265
Q96EZ8,Q9C086
Q96EZ8,Q9H981
Q96EZ8,Q9H9F9
Q96EZ8,Q9ULG1
Q96EZ8,Q9Y230
Q96EZ8,Q9Y265
Q9C086,Q9H981
Q9C086,Q9H9F9
Q9C086,Q9ULG1
Q9C086,Q9Y230
Q9C086,Q9Y265
Q9H981,Q9H9F9
Q9H981,Q9ULG1
Q9H981,Q9Y230
Q9H981,Q9Y265
Q9H9F9,Q9ULG1
Q9H9F9,Q9Y230
Q9H9F9,Q9Y265
Q9ULG1,Q9Y230
Q9ULG1,Q9Y265
Q9Y230,Q9Y265
O43257,O95619
O43257,O96019
O43257,P0C0S5
O43257,Q15906
O43257,Q6ZRS2
O43257,Q96CJ1
O43257,Q9GZN1
O43257,Q9Y230
O43257,Q9Y265
O95619,O96019
O95619,P0C0S5
O95619,Q15906
O95619,Q6ZRS2
O95619,Q96CJ1
O95619,Q9GZN1
O95619,Q9Y230
O95619,Q9Y265
O96019,P0C0S5
O96019,Q15906
O96019,Q6ZRS2
O96019,Q96CJ1
O96019,Q9GZN1
P0C0S5,Q15906
P0C0S5,Q6ZRS2
P0C0S5,Q96CJ1
P0C0S5,Q9GZN1
P0C0S5,Q9Y230
P0C0S5,Q9Y265
Q15906,Q6ZRS2
Q15906,Q96CJ1
Q15906,Q9GZN1
Q15906,Q9Y230
Q15906,Q9Y265
Q6ZRS2,Q96CJ1
Q6ZRS2,Q9GZN1
Q6ZRS2,Q9Y230
Q6ZRS2,Q9Y265
Q96CJ1,Q9GZN1
Q96CJ1,Q9Y230
Q96CJ1,Q9Y265
Q9GZN1,Q9Y230
Q9GZN1,Q9Y265
P08708,P08865
P08708,P15880
P08708,P22090
P08708,P23396
P08708,P25398
P08708,P39019
P08708,P42677
P08708,P46781
P08708,P46782
P08708,P46783
P08708,P60866
P08708,P61247
P08708,P62081
P08708,P62241
P08708,P62244
P08708,P62249
P08708,P62263
P08708,P62266
P08708,P62269
P08708,P62273
P08708,P62277
P08708,P62280
P08708,P62701
P08708,P62753
P08708,P62841
P08708,P62847
P08708,P62851
P08708,P62854
P08708,P62857
P08708,P62861
P08708,P62979
P08708,P63220
P08865,P15880
P08865,P22090
P08865,P23396
P08865,P25398
P08865,P39019
P08865,P42677
P08865,P46781
P08865,P46782
P08865,P46783
P08865,P60866
P08865,P61247
P08865,P62081
P08865,P62241
P08865,P62244
P08865,P62249
P08865,P62263
P08865,P62266
P08865,P62269
P08865,P62273
P08865,P62277
P08865,P62280
P08865,P62701
P08865,P62753
P08865,P62841
P08865,P62847
P08865,P62851
P08865,P62854
P08865,P62857
P08865,P62861
P08865,P62979
P08865,P63220
P15880,P22090
P15880,P23396
P15880,P25398
P15880,P39019
P15880,P42677
P15880,P46781
P15880,P46782
P15880,P46783
P15880,P60866
P15880,P61247
P15880,P62081
P15880,P62241
P15880,P62244
P15880,P62249
P15880,P62263
P15880,P62266
P15880,P62269
P15880,P62273
P15880,P62277
P15880,P62280
P15880,P62701
P15880,P62753
P15880,P62841
P15880,P62847
P15880,P62851
P15880,P62854
P15880,P62857
P15880,P62861
P15880,P62979
P15880,P63220
P22090,P23396
P22090,P25398
P22090,P39019
P22090,P42677
P22090,P46781
P22090,P46782
P22090,P46783
P22090,P60866
P22090,P61247
P22090,P62081
P22090,P62241
P22090,P62244
P22090,P62249
P22090,P62263
P22090,P62266
P22090,P62269
P22090,P62273
P22090,P62277
P22090,P62280
P22090,P62701
P22090,P62753
P22090,P62841
P22090,P62847
P22090,P62851
P22090,P62854
P22090,P62857
P22090,P62861
P22090,P62979
P22090,P63220
P23396,P25398
P23396,P39019
P23396,P42677
P23396,P46781
P23396,P46782
P23396,P46783
P23396,P60866
P23396,P61247
P23396,P62081
P23396,P62241
P23396,P62244
P23396,P62249
P23396,P62263
P23396,P62266
P23396,P62269
P23396,P62273
P23396,P62277
P23396,P62280
P23396,P62701
P23396,P62753
P23396,P62841
P23396,P62847
P23396,P62851
P23396,P62854
P23396,P62857
P23396,P62861
P23396,P62979
P23396,P63220
P25398,P39019
P25398,P42677
P25398,P46781
P25398,P46782
P25398,P46783
P25398,P60866
P25398,P61247
P25398,P62081
P25398,P62241
P25398,P62244
P25398,P62249
P25398,P62263
P25398,P62266
P25398,P62269
P25398,P62273
P25398,P62277
P25398,P62280
P25398,P62701
P25398,P62753
P25398,P62841
P25398,P62847
P25398,P62851
P25398,P62854
P25398,P62857
P25398,P62861
P25398,P62979
P25398,P63220
P39019,P42677
P39019,P46781
P39019,P46782
P39019,P46783
P39019,P60866
P39019,P61247
P39019,P62081
P39019,P62241
P39019,P62244
P39019,P62249
P39019,P62263
P39019,P62266
P39019,P62269
P39019,P62273
P39019,P62277
P39019,P62280
P39019,P62701
P39019,P62753
P39019,P62841
P39019,P62847
P39019,P62851
P39019,P62854
P39019,P62857
P39019,P62861
P39019,P62979
P39019,P63220
P42677,P46781
P42677,P46782
P42677,P46783
P42677,P60866
P42677,P61247
P42677,P62081
P42677,P62241
P42677,P62244
P42677,P62249
P42677,P62263
P42677,P62266
P42677,P62269
P42677,P62273
P42677,P62277
P42677,P62280
P42677,P62701
P42677,P62753
P42677,P62841
P42677,P62847
P42677,P62851
P42677,P62854
P42677,P62857
P42677,P62861
P42677,P62979
P42677,P63220
P46781,P46782
P46781,P46783
P46781,P60866
P46781,P61247
P46781,P62081
P46781,P62241
P46781,P62244
P46781,P62249
P46781,P62263
P46781,P62266
P46781,P62269
P46781,P62273
P46781,P62277
P46781,P62280
P46781,P62701
P46781,P62753
P46781,P62841
P46781,P62847
P46781,P62851
P46781,P62854
P46781,P62857
P46781,P62861
P46781,P62979
P46781,P63220
P46782,P46783
P46782,P60866
P46782,P61247
P46782,P62081
P46782,P62241
P46782,P62244
P46782,P62249
P46782,P62263
P46782,P62266
P46782,P62269
P46782,P62273
P46782,P62277
P46782,P62280
P46782,P62701
P46782,P62753
P46782,P62841
P46782,P62847
P46782,P62851
P46782,P62854
P46782,P62857
P46782,P62861
P46782,P62979
P46782,P63220
P46783,P60866
P46783,P61247
P46783,P62081
P46783,P62241
P46783,P62244
P46783,P62249
P46783,P62263
P46783,P62266
P46783,P62269
P46783,P62273
P46783,P62277
P46783,P62280
P46783,P62701
P46783,P62753
P46783,P62841
P46783,P62847
P46783,P62851
P46783,P62854
P46783,P62857
P46783,P62861
P46783,P62979
P46783,P63220
P60866,P61247
P60866,P62081
P60866,P62241
P60866,P62244
P60866,P62249
P60866,P62263
P60866,P62266
P60866,P62269
P60866,P62273
P60866,P62277
P60866,P62280
P60866,P62701
P60866,P62753
P60866,P62841
P60866,P62847
P60866,P62851
P60866,P62854
P60866,P62857
P60866,P62861
P60866,P62979
P60866,P63220
P61247,P62081
P61247,P62241
P61247,P62244
P61247,P62249
P61247,P62263
P61247,P62266
P61247,P62269
P61247,P62273
P61247,P62277
P61247,P62280
P61247,P62701
P61247,P62753
P61247,P62841
P61247,P62847
P61247,P62851
P61247,P62854
P61247,P62857
P61247,P62861
P61247,P62979
P61247,P63220
P62081,P62241
P62081,P62244
P62081,P62249
P62081,P62263
P62081,P62266
P62081,P62269
P62081,P62273
P62081,P62277
P62081,P62280
P62081,P62701
P62081,P62753
P62081,P62841
P62081,P62847
P62081,P62851
P62081,P62854
P62081,P62857
P62081,P62861
P62081,P62979
P62081,P63220
P62241,P62244
P62241,P62249
P62241,P62263
P62241,P62266
P62241,P62269
P62241,P62273
P62241,P62277
P62241,P62280
P62241,P62701
P62241,P62753
P62241,P62841
P62241,P62847
P62241,P62851
P62241,P62854
P62241,P62857
P62241,P62861
P62241,P62979
P62241,P63220
P62244,P62249
P62244,P62263
P62244,P62266
P62244,P62269
P62244,P62273
P62244,P62277
P62244,P62280
P62244,P62701
P62244,P62753
P62244,P62841
P62244,P62847
P62244,P62851
P62244,P62854
P62244,P62857
P62244,P62861
P62244,P62979
P62244,P63220
P62249,P62263
P62249,P62266
P62249,P62269
P62249,P62273
P62249,P62277
P62249,P62280
P62249,P62701
P62249,P62753
P62249,P62841
P62249,P62847
P62249,P62851
P62249,P62854
P62249,P62857
P62249,P62861
P62249,P62979
P62249,P63220
P62263,P62266
P62263,P62269
P62263,P62273
P62263,P62277
P62263,P62280
P62263,P62701
P62263,P62753
P62263,P62841
P62263,P62847
P62263,P62851
P62263,P62854
P62263,P62857
P62263,P62861
P62263,P62979
P62263,P63220
P62266,P62269
P62266,P62273
P62266,P62277
P62266,P62280
P62266,P62701
P62266,P62753
P62266,P62841
P62266,P62847
P62266,P62851
P62266,P62854
P62266,P62857
P62266,P62861
P62266,P62979
P62266,P63220
P62269,P62273
P62269,P62277
P62269,P62280
P62269,P62701
P62269,P62753
P62269,P62841
P62269,P62847
P62269,P62851
P62269,P62854
P62269,P62857
P62269,P62861
P62269,P62979
P62269,P63220
P62273,P62277
P62273,P62280
P62273,P62701
P62273,P62753
P62273,P62841
P62273,P62847
P62273,P62851
P62273,P62854
P62273,P62857
P62273,P62861
P62273,P62979
P62273,P63220
P62277,P62280
P62277,P62701
P62277,P62753
P62277,P62841
P62277,P62847
P62277,P62851
P62277,P62854
P62277,P62857
P62277,P62861
P62277,P62979
P62277,P63220
P62280,P62701
P62280,P62753
P62280,P62841
P62280,P62847
P62280,P62851
P62280,P62854
P62280,P62857
P62280,P62861
P62280,P62979
P62280,P63220
P62701,P62753
P62701,P62841
P62701,P62847
P62701,P62851
P62701,P62854
P62701,P62857
P62701,P62861
P62701,P62979
P62701,P63220
P62753,P62841
P62753,P62847
P62753,P62851
P62753,P62854
P62753,P62857
P62753,P62861
P62753,P62979
P62753,P63220
P62841,P62847
P62841,P62851
P62841,P62854
P62841,P62857
P62841,P62861
P62841,P62979
P62841,P63220
P62847,P62851
P62847,P62854
P62847,P62857
P62847,P62861
P62847,P62979
P62847,P63220
P62851,P62854
P62851,P62857
P62851,P62861
P62851,P62979
P62851,P63220
P62854,P62857
P62854,P62861
P62854,P62979
P62854,P63220
P62857,P62861
P62857,P62979
P62857,P63220
P62861,P62979
P62861,P63220
P62979,P63220
P05386,P05387
P05386,P05388
P05386,P08708
P05386,P08865
P05386,P15880
P05386,P18077
P05386,P18124
P05386,P18621
P05386,P22090
P05386,P23396
P05386,P25398
P05386,P26373
P05386,P27635
P05386,P30050
P05386,P32969
P05386,P35268
P05386,P36578
P05386,P39019
P05386,P39023
P05386,P40429
P05386,P42677
P05386,P42766
P05386,P46776
P05386,P46777
P05386,P46778
P05386,P46779
P05386,P46781
P05386,P46782
P05386,P46783
P05386,P47914
P05386,P49207
P05386,P50914
P05386,P60866
P05386,P61247
P05386,P61254
P05386,P61313
P05386,P61353
P05386,P61513
P05386,P61927
P05386,P62081
P05386,P62241
P05386,P62244
P05386,P62249
P05386,P62263
P05386,P62266
P05386,P62269
P05386,P62273
P05386,P62277
P05386,P62280
P05386,P62424
P05386,P62701
P05386,P62750
P05386,P62753
P05386,P62829
P05386,P62841
P05386,P62847
P05386,P62851
P05386,P62854
P05386,P62857
P05386,P62861
P05386,P62888
P05386,P62891
P05386,P62899
P05386,P62906
P05386,P62910
P05386,P62913
P05386,P62917
P05386,P62945
P05386,P62979
P05386,P62987
P05386,P63173
P05386,P63220
P05386,P83731
P05386,P83881
P05386,P84098
P05386,Q02543
P05386,Q02878
P05386,Q07020
P05386,Q9Y3U8
P05387,P05388
P05387,P08708
P05387,P08865
P05387,P15880
P05387,P18077
P05387,P18124
P05387,P18621
P05387,P22090
P05387,P23396
P05387,P25398
P05387,P26373
P05387,P27635
P05387,P30050
P05387,P32969
P05387,P35268
P05387,P36578
P05387,P39019
P05387,P39023
P05387,P40429
P05387,P42677
P05387,P42766
P05387,P46776
P05387,P46777
P05387,P46778
P05387,P46779
P05387,P46781
P05387,P46782
P05387,P46783
P05387,P47914
P05387,P49207
P05387,P50914
P05387,P60866
P05387,P61247
P05387,P61254
P05387,P61313
P05387,P61353
P05387,P61513
P05387,P61927
P05387,P62081
P05387,P62241
P05387,P62244
P05387,P62249
P05387,P62263
P05387,P62266
P05387,P62269
P05387,P62273
P05387,P62277
P05387,P62280
P05387,P62424
P05387,P62701
P05387,P62750
P05387,P62753
P05387,P62829
P05387,P62841
P05387,P62847
P05387,P62851
P05387,P62854
P05387,P62857
P05387,P62861
P05387,P62888
P05387,P62891
P05387,P62899
P05387,P62906
P05387,P62910
P05387,P62913
P05387,P62917
P05387,P62945
P05387,P62979
P05387,P62987
P05387,P63173
P05387,P63220
P05387,P83731
P05387,P83881
P05387,P84098
P05387,Q02543
P05387,Q02878
P05387,Q07020
P05387,Q9Y3U8
P05388,P08708
P05388,P08865
P05388,P15880
P05388,P18077
P05388,P18124
P05388,P18621
P05388,P22090
P05388,P23396
P05388,P25398
P05388,P26373
P05388,P27635
P05388,P30050
P05388,P32969
P05388,P35268
P05388,P36578
P05388,P39019
P05388,P39023
P05388,P40429
P05388,P42677
P05388,P42766
P05388,P46776
P05388,P46777
P05388,P46778
P05388,P46779
P05388,P46781
P05388,P46782
P05388,P46783
P05388,P47914
P05388,P49207
P05388,P50914
P05388,P60866
P05388,P61247
P05388,P61254
P05388,P61313
P05388,P61353
P05388,P61513
P05388,P61927
P05388,P62081
P05388,P62241
P05388,P62244
P05388,P62249
P05388,P62263
P05388,P62266
P05388,P62269
P05388,P62273
P05388,P62277
P05388,P62280
P05388,P62424
P05388,P62701
P05388,P62750
P05388,P62753
P05388,P62829
P05388,P62841
P05388,P62847
P05388,P62851
P05388,P62854
P05388,P62857
P05388,P62861
P05388,P62888
P05388,P62891
P05388,P62899
P05388,P62906
P05388,P62910
P05388,P62913
P05388,P62917
P05388,P62945
P05388,P62979
P05388,P62987
P05388,P63173
P05388,P63220
P05388,P83731
P05388,P83881
P05388,P84098
P05388,Q02543
P05388,Q02878
P05388,Q07020
P05388,Q9Y3U8
P08708,P18077
P08708,P18124
P08708,P18621
P08708,P26373
P08708,P27635
P08708,P30050
P08708,P32969
P08708,P35268
P08708,P36578
P08708,P39023
P08708,P40429
P08708,P42766
P08708,P46776
P08708,P46777
P08708,P46778
P08708,P46779
P08708,P47914
P08708,P49207
P08708,P50914
P08708,P61254
P08708,P61313
P08708,P61353
P08708,P61513
P08708,P61927
P08708,P62424
P08708,P62750
P08708,P62829
P08708,P62888
P08708,P62891
P08708,P62899
P08708,P62906
P08708,P62910
P08708,P62913
P08708,P62917
P08708,P62945
P08708,P62987
P08708,P63173
P08708,P83731
P08708,P83881
P08708,P84098
P08708,Q02543
P08708,Q02878
P08708,Q07020
P08708,Q9Y3U8
P08865,P18077
P08865,P18124
P08865,P18621
P08865,P26373
P08865,P27635
P08865,P30050
P08865,P32969
P08865,P35268
P08865,P36578
P08865,P39023
P08865,P40429
P08865,P42766
P08865,P46776
P08865,P46777
P08865,P46778
P08865,P46779
P08865,P47914
P08865,P49207
P08865,P50914
P08865,P61254
P08865,P61313
P08865,P61353
P08865,P61513
P08865,P61927
P08865,P62424
P08865,P62750
P08865,P62829
P08865,P62888
P08865,P62891
P08865,P62899
P08865,P62906
P08865,P62910
P08865,P62913
P08865,P62917
P08865,P62945
P08865,P62987
P08865,P63173
P08865,P83731
P08865,P83881
P08865,P84098
P08865,Q02543
P08865,Q02878
P08865,Q07020
P08865,Q9Y3U8
P15880,P18077
P15880,P18124
P15880,P18621
P15880,P26373
P15880,P27635
P15880,P30050
P15880,P32969
P15880,P35268
P15880,P36578
P15880,P39023
P15880,P40429
P15880,P42766
P15880,P46776
P15880,P46777
P15880,P46778
P15880,P46779
P15880,P47914
P15880,P49207
P15880,P50914
P15880,P61254
P15880,P61313
P15880,P61353
P15880,P61513
P15880,P61927
P15880,P62424
P15880,P62750
P15880,P62829
P15880,P62888
P15880,P62891
P15880,P62899
P15880,P62906
P15880,P62910
P15880,P62913
P15880,P62917
P15880,P62945
P15880,P62987
P15880,P63173
P15880,P83731
P15880,P83881
P15880,P84098
P15880,Q02543
P15880,Q02878
P15880,Q07020
P15880,Q9Y3U8
P18077,P18124
P18077,P18621
P18077,P22090
P18077,P23396
P18077,P25398
P18077,P26373
P18077,P27635
P18077,P30050
P18077,P32969
P18077,P35268
P18077,P36578
P18077,P39019
P18077,P39023
P18077,P40429
P18077,P42677
P18077,P42766
P18077,P46776
P18077,P46777
P18077,P46778
P18077,P46779
P18077,P46781
P18077,P46782
P18077,P46783
P18077,P47914
P18077,P49207
P18077,P50914
P18077,P60866
P18077,P61247
P18077,P61254
P18077,P61313
P18077,P61353
P18077,P61513
P18077,P61927
P18077,P62081
P18077,P62241
P18077,P62244
P18077,P62249
P18077,P62263
P18077,P62266
P18077,P62269
P18077,P62273
P18077,P62277
P18077,P62280
P18077,P62424
P18077,P62701
P18077,P62750
P18077,P62753
P18077,P62829
P18077,P62841
P18077,P62847
P18077,P62851
P18077,P62854
P18077,P62857
P18077,P62861
P18077,P62888
P18077,P62891
P18077,P62899
P18077,P62906
P18077,P62910
P18077,P62913
P18077,P62917
P18077,P62945
P18077,P62979
P18077,P62987
P18077,P63173
P18077,P63220
P18077,P83731
P18077,P83881
P18077,P84098
P18077,Q02543
P18077,Q02878
P18077,Q07020
P18077,Q9Y3U8
P18124,P18621
P18124,P22090
P18124,P23396
P18124,P25398
P18124,P26373
P18124,P27635
P18124,P30050
P18124,P32969
P18124,P35268
P18124,P36578
P18124,P39019
P18124,P39023
P18124,P40429
P18124,P42677
P18124,P42766
P18124,P46776
P18124,P46777
P18124,P46778
P18124,P46779
P18124,P46781
P18124,P46782
P18124,P46783
P18124,P47914
P18124,P49207
P18124,P50914
P18124,P60866
P18124,P61247
P18124,P61254
P18124,P61313
P18124,P61353
P18124,P61513
P18124,P61927
P18124,P62081
P18124,P62241
P18124,P62244
P18124,P62249
P18124,P62263
P18124,P62266
P18124,P62269
P18124,P62273
P18124,P62277
P18124,P62280
P18124,P62424
P18124,P62701
P18124,P62750
P18124,P62753
P18124,P62829
P18124,P62841
P18124,P62847
P18124,P62851
P18124,P62854
P18124,P62857
P18124,P62861
P18124,P62888
P18124,P62891
P18124,P62899
P18124,P62906
P18124,P62910
P18124,P62913
P18124,P62917
P18124,P62945
P18124,P62979
P18124,P62987
P18124,P63173
P18124,P63220
P18124,P83731
P18124,P83881
P18124,P84098
P18124,Q02543
P18124,Q02878
P18124,Q07020
P18124,Q9Y3U8
P18621,P22090
P18621,P23396
P18621,P25398
P18621,P26373
P18621,P27635
P18621,P30050
P18621,P32969
P18621,P35268
P18621,P36578
P18621,P39019
P18621,P39023
P18621,P40429
P18621,P42677
P18621,P42766
P18621,P46776
P18621,P46777
P18621,P46778
P18621,P46779
P18621,P46781
P18621,P46782
P18621,P46783
P18621,P47914
P18621,P49207
P18621,P50914
P18621,P60866
P18621,P61247
P18621,P61254
P18621,P61313
P18621,P61353
P18621,P61513
P18621,P61927
P18621,P62081
P18621,P62241
P18621,P62244
P18621,P62249
P18621,P62263
P18621,P62266
P18621,P62269
P18621,P62273
P18621,P62277
P18621,P62280
P18621,P62424
P18621,P62701
P18621,P62750
P18621,P62753
P18621,P62829
P18621,P62841
P18621,P62847
P18621,P62851
P18621,P62854
P18621,P62857
P18621,P62861
P18621,P62888
P18621,P62891
P18621,P62899
P18621,P62906
P18621,P62910
P18621,P62913
P18621,P62917
P18621,P62945
P18621,P62979
P18621,P62987
P18621,P63173
P18621,P63220
P18621,P83731
P18621,P83881
P18621,P84098
P18621,Q02543
P18621,Q02878
P18621,Q07020
P18621,Q9Y3U8
P22090,P26373
P22090,P27635
P22090,P30050
P22090,P32969
P22090,P35268
P22090,P36578
P22090,P39023
P22090,P40429
P22090,P42766
P22090,P46776
P22090,P46777
P22090,P46778
P22090,P46779
P22090,P47914
P22090,P49207
P22090,P50914
P22090,P61254
P22090,P61313
P22090,P61353
P22090,P61513
P22090,P61927
P22090,P62424
P22090,P62750
P22090,P62829
P22090,P62888
P22090,P62891
P22090,P62899
P22090,P62906
P22090,P62910
P22090,P62913
P22090,P62917
P22090,P62945
P22090,P62987
P22090,P63173
P22090,P83731
P22090,P83881
P22090,P84098
P22090,Q02543
P22090,Q02878
P22090,Q07020
P22090,Q9Y3U8
P23396,P26373
P23396,P27635
P23396,P30050
P23396,P32969
P23396,P35268
P23396,P36578
P23396,P39023
P23396,P40429
P23396,P42766
P23396,P46776
P23396,P46777
P23396,P46778
P23396,P46779
P23396,P47914
P23396,P49207
P23396,P50914
P23396,P61254
P23396,P61313
P23396,P61353
P23396,P61513
P23396,P61927
P23396,P62424
P23396,P62750
P23396,P62829
P23396,P62888
P23396,P62891
P23396,P62899
P23396,P62906
P23396,P62910
P23396,P62913
P23396,P62917
P23396,P62945
P23396,P62987
P23396,P63173
P23396,P83731
P23396,P83881
P23396,P84098
P23396,Q02543
P23396,Q02878
P23396,Q07020
P23396,Q9Y3U8
P25398,P26373
P25398,P27635
P25398,P30050
P25398,P32969
P25398,P35268
P25398,P36578
P25398,P39023
P25398,P40429
P25398,P42766
P25398,P46776
P25398,P46777
P25398,P46778
P25398,P46779
P25398,P47914
P25398,P49207
P25398,P50914
P25398,P61254
P25398,P61313
P25398,P61353
P25398,P61513
P25398,P61927
P25398,P62424
P25398,P62750
P25398,P62829
P25398,P62888
P25398,P62891
P25398,P62899
P25398,P62906
P25398,P62910
P25398,P62913
P25398,P62917
P25398,P62945
P25398,P62987
P25398,P63173
P25398,P83731
P25398,P83881
P25398,P84098
P25398,Q02543
P25398,Q02878
P25398,Q07020
P25398,Q9Y3U8
P26373,P27635
P26373,P30050
P26373,P32969
P26373,P35268
P26373,P36578
P26373,P39019
P26373,P39023
P26373,P40429
P26373,P42677
P26373,P42766
P26373,P46776
P26373,P46777
P26373,P46778
P26373,P46779
P26373,P46781
P26373,P46782
P26373,P46783
P26373,P47914
P26373,P49207
P26373,P50914
P26373,P60866
